Date,CNYUSD,Date,JPYUSD,Date,EURUSD,Date,GBPUSD
28/8/2012,0.157376,28/8/2012,0.0127372,28/8/2012,1.25648,28/8/2012,1.58189
29/8/2012,0.157408,29/8/2012,0.0127047,29/8/2012,1.25297,29/8/2012,1.58334
30/8/2012,0.15746,30/8/2012,0.0127186,30/8/2012,1.25062,30/8/2012,1.57855
31/8/2012,0.157488,31/8/2012,0.0127575,31/8/2012,1.2579,31/8/2012,1.58665
3/9/2012,0.157689,3/9/2012,0.0127782,3/9/2012,1.25928,3/9/2012,1.58864
4/9/2012,0.157518,4/9/2012,0.012754,4/9/2012,1.25661,4/9/2012,1.58702
5/9/2012,0.157473,5/9/2012,0.0127556,5/9/2012,1.26015,5/9/2012,1.59025
6/9/2012,0.157624,6/9/2012,0.0126803,6/9/2012,1.26306,6/9/2012,1.5932
7/9/2012,0.157634,7/9/2012,0.012783,7/9/2012,1.28161,7/9/2012,1.60101
10/9/2012,0.157761,10/9/2012,0.0127748,10/9/2012,1.2758,10/9/2012,1.59898
11/9/2012,0.157833,11/9/2012,0.0128583,11/9/2012,1.28547,11/9/2012,1.607
12/9/2012,0.15803,12/9/2012,0.0128439,12/9/2012,1.28995,12/9/2012,1.61073
13/9/2012,0.15795,13/9/2012,0.0129044,13/9/2012,1.29907,13/9/2012,1.6155
14/9/2012,0.158332,14/9/2012,0.0127551,14/9/2012,1.31305,14/9/2012,1.62165
17/9/2012,0.158115,17/9/2012,0.0127054,17/9/2012,1.31168,17/9/2012,1.62507
18/9/2012,0.158238,18/9/2012,0.0126871,18/9/2012,1.30479,18/9/2012,1.62442
19/9/2012,0.158476,19/9/2012,0.0127587,19/9/2012,1.30486,19/9/2012,1.6222
20/9/2012,0.158629,20/9/2012,0.0127816,20/9/2012,1.29685,20/9/2012,1.62145
21/9/2012,0.158484,21/9/2012,0.012796,21/9/2012,1.29795,21/9/2012,1.62296
24/9/2012,0.158484,24/9/2012,0.0128453,24/9/2012,1.29308,24/9/2012,1.62186
25/9/2012,0.158557,25/9/2012,0.0128538,25/9/2012,1.28993,25/9/2012,1.61875
26/9/2012,0.158657,26/9/2012,0.0128631,26/9/2012,1.28727,26/9/2012,1.61655
27/9/2012,0.158642,27/9/2012,0.012886,27/9/2012,1.29127,27/9/2012,1.62355
28/9/2012,0.159089,28/9/2012,0.0128302,28/9/2012,1.28597,28/9/2012,1.6167
1/10/2012,0.159089,1/10/2012,0.0128206,1/10/2012,1.28883,1/10/2012,1.61305
2/10/2012,0.158098,2/10/2012,0.012795,2/10/2012,1.29195,2/10/2012,1.61335
3/10/2012,0.157818,3/10/2012,0.0127406,3/10/2012,1.29055,3/10/2012,1.60757
4/10/2012,0.157806,4/10/2012,0.0127423,4/10/2012,1.3018,4/10/2012,1.61911
5/10/2012,0.157953,5/10/2012,0.0127121,5/10/2012,1.30447,5/10/2012,1.61355
8/10/2012,0.159172,8/10/2012,0.0127658,8/10/2012,1.29681,8/10/2012,1.60266
9/10/2012,0.159039,9/10/2012,0.0127794,9/10/2012,1.28848,9/10/2012,1.6003
10/10/2012,0.158899,10/10/2012,0.0127895,10/10/2012,1.28745,10/10/2012,1.60059
11/10/2012,0.159426,11/10/2012,0.012765,11/10/2012,1.29275,11/10/2012,1.60455
12/10/2012,0.159561,12/10/2012,0.0127489,12/10/2012,1.29509,12/10/2012,1.60723
15/10/2012,0.159472,15/10/2012,0.0127151,15/10/2012,1.29488,15/10/2012,1.6071
16/10/2012,0.159627,16/10/2012,0.0126766,16/10/2012,1.30538,16/10/2012,1.61108
17/10/2012,0.159887,17/10/2012,0.0126676,17/10/2012,1.31187,17/10/2012,1.61486
18/10/2012,0.159992,18/10/2012,0.0126155,18/10/2012,1.30668,18/10/2012,1.6044
19/10/2012,0.159903,19/10/2012,0.0126102,19/10/2012,1.30243,19/10/2012,1.60035
22/10/2012,0.159882,22/10/2012,0.0125088,22/10/2012,1.30597,22/10/2012,1.60155
23/10/2012,0.160053,23/10/2012,0.0125233,23/10/2012,1.29866,23/10/2012,1.59525
24/10/2012,0.160028,24/10/2012,0.0125294,24/10/2012,1.29735,24/10/2012,1.6038
25/10/2012,0.160215,25/10/2012,0.0124532,25/10/2012,1.2934,25/10/2012,1.6118
26/10/2012,0.160038,26/10/2012,0.0125555,26/10/2012,1.2938,26/10/2012,1.61055
29/10/2012,0.160161,29/10/2012,0.0125317,29/10/2012,1.29039,29/10/2012,1.6033
30/10/2012,0.160187,30/10/2012,0.0125588,30/10/2012,1.29588,30/10/2012,1.6073
31/10/2012,0.160326,31/10/2012,0.0125328,31/10/2012,1.29598,31/10/2012,1.61295
1/11/2012,0.160038,1/11/2012,0.0124793,1/11/2012,1.29428,1/11/2012,1.61305
2/11/2012,0.16012,2/11/2012,0.0124324,2/11/2012,1.28345,2/11/2012,1.60205
5/11/2012,0.160233,5/11/2012,0.0124549,5/11/2012,1.2796,5/11/2012,1.59795
6/11/2012,0.159841,6/11/2012,0.012445,6/11/2012,1.28145,6/11/2012,1.59968
7/11/2012,0.160087,7/11/2012,0.0125001,7/11/2012,1.27711,7/11/2012,1.5985
8/11/2012,0.159518,8/11/2012,0.0125817,8/11/2012,1.2747,8/11/2012,1.59835
9/11/2012,0.160254,9/11/2012,0.0125815,9/11/2012,1.27137,9/11/2012,1.58961
12/11/2012,0.160652,12/11/2012,0.0125776,12/11/2012,1.27095,12/11/2012,1.58775
13/11/2012,0.160588,13/11/2012,0.0125981,13/11/2012,1.27043,13/11/2012,1.58715
14/11/2012,0.160638,14/11/2012,0.0124603,14/11/2012,1.27355,14/11/2012,1.58405
15/11/2012,0.160313,15/11/2012,0.0123199,15/11/2012,1.2781,15/11/2012,1.58671
16/11/2012,0.160362,16/11/2012,0.0122996,16/11/2012,1.27426,16/11/2012,1.5883
19/11/2012,0.160514,19/11/2012,0.012284,19/11/2012,1.28135,19/11/2012,1.5909
20/11/2012,0.160447,20/11/2012,0.012243,20/11/2012,1.28168,20/11/2012,1.59266
21/11/2012,0.160622,21/11/2012,0.0121152,21/11/2012,1.28294,21/11/2012,1.59522
22/11/2012,0.16054,22/11/2012,0.0121242,22/11/2012,1.28842,22/11/2012,1.59374
23/11/2012,0.160666,23/11/2012,0.012137,23/11/2012,1.29759,23/11/2012,1.6028
26/11/2012,0.160514,26/11/2012,0.0121848,26/11/2012,1.29718,26/11/2012,1.60265
27/11/2012,0.160711,27/11/2012,0.0121719,27/11/2012,1.29428,27/11/2012,1.60217
28/11/2012,0.160698,28/11/2012,0.0121815,28/11/2012,1.29527,28/11/2012,1.60141
29/11/2012,0.16056,29/11/2012,0.0121776,29/11/2012,1.2979,29/11/2012,1.60408
30/11/2012,0.160599,30/11/2012,0.012125,30/11/2012,1.2986,30/11/2012,1.60125
3/12/2012,0.160452,3/12/2012,0.0121587,3/12/2012,1.30535,3/12/2012,1.60915
4/12/2012,0.160743,4/12/2012,0.0122113,4/12/2012,1.30944,4/12/2012,1.61014
5/12/2012,0.160516,5/12/2012,0.0121246,5/12/2012,1.30678,5/12/2012,1.60971
6/12/2012,0.160675,6/12/2012,0.0121345,6/12/2012,1.29698,6/12/2012,1.6051
7/12/2012,0.160511,7/12/2012,0.0121235,7/12/2012,1.29275,7/12/2012,1.60389
10/12/2012,0.160362,10/12/2012,0.012142,10/12/2012,1.2941,10/12/2012,1.60754
11/12/2012,0.160095,11/12/2012,0.0121166,11/12/2012,1.30055,11/12/2012,1.61145
12/12/2012,0.159872,12/12/2012,0.01201,12/12/2012,1.3074,12/12/2012,1.6149
13/12/2012,0.160092,13/12/2012,0.0119549,13/12/2012,1.3077,13/12/2012,1.61125
14/12/2012,0.160073,14/12/2012,0.0119741,14/12/2012,1.3163,14/12/2012,1.61738
17/12/2012,0.160264,17/12/2012,0.0119206,17/12/2012,1.3164,17/12/2012,1.6204
18/12/2012,0.160382,18/12/2012,0.0118752,18/12/2012,1.32288,18/12/2012,1.6252
19/12/2012,0.160472,19/12/2012,0.0118461,19/12/2012,1.32269,19/12/2012,1.6247
20/12/2012,0.16039,20/12/2012,0.0118513,20/12/2012,1.32443,20/12/2012,1.6279
21/12/2012,0.160431,21/12/2012,0.0118715,21/12/2012,1.31875,21/12/2012,1.6172
24/12/2012,0.16037,24/12/2012,0.0117731,24/12/2012,1.31851,24/12/2012,1.61235
25/12/2012,0.160382,25/12/2012,0.0117969,25/12/2012,1.3183,25/12/2012,1.61255
26/12/2012,0.160165,26/12/2012,0.0116795,26/12/2012,1.3224,26/12/2012,1.6138
27/12/2012,0.160269,27/12/2012,0.0116139,27/12/2012,1.32365,27/12/2012,1.60995
28/12/2012,0.160393,28/12/2012,0.0116423,28/12/2012,1.32163,28/12/2012,1.61535
31/12/2012,0.160472,31/12/2012,0.0115297,31/12/2012,1.31925,31/12/2012,1.6255
1/1/2013,0.16033,1/1/2013,0.0115348,1/1/2013,1.32044,1/1/2013,1.6249
2/1/2013,0.16033,2/1/2013,0.011449,2/1/2013,1.3186,2/1/2013,1.6255
3/1/2013,0.160421,3/1/2013,0.011463,3/1/2013,1.3049,3/1/2013,1.6107
4/1/2013,0.160496,4/1/2013,0.011344,4/1/2013,1.30687,4/1/2013,1.6069
7/1/2013,0.160391,7/1/2013,0.0113905,7/1/2013,1.31165,7/1/2013,1.61155
8/1/2013,0.16064,8/1/2013,0.0114883,8/1/2013,1.3081,8/1/2013,1.60555
9/1/2013,0.160434,9/1/2013,0.0113792,9/1/2013,1.30643,9/1/2013,1.60225
10/1/2013,0.160619,10/1/2013,0.0112633,10/1/2013,1.32718,10/1/2013,1.61678
11/1/2013,0.160854,11/1/2013,0.011213,11/1/2013,1.33429,11/1/2013,1.6132
14/1/2013,0.160676,14/1/2013,0.0111762,14/1/2013,1.3382,14/1/2013,1.60779
15/1/2013,0.160937,15/1/2013,0.0112634,15/1/2013,1.33055,15/1/2013,1.60645
16/1/2013,0.16069,16/1/2013,0.0113148,16/1/2013,1.32893,16/1/2013,1.6007
17/1/2013,0.160876,17/1/2013,0.0111271,17/1/2013,1.33755,17/1/2013,1.5993
18/1/2013,0.160728,18/1/2013,0.0111005,18/1/2013,1.33209,18/1/2013,1.587
21/1/2013,0.160622,21/1/2013,0.0111582,21/1/2013,1.3313,21/1/2013,1.58301
22/1/2013,0.160661,22/1/2013,0.0112729,22/1/2013,1.33223,22/1/2013,1.58394
23/1/2013,0.160648,23/1/2013,0.0112846,23/1/2013,1.3318,23/1/2013,1.58455
24/1/2013,0.160705,24/1/2013,0.0110711,24/1/2013,1.33775,24/1/2013,1.57906
25/1/2013,0.160614,25/1/2013,0.0110025,25/1/2013,1.34639,25/1/2013,1.57991
28/1/2013,0.160589,28/1/2013,0.0110065,28/1/2013,1.34555,28/1/2013,1.5695
29/1/2013,0.160545,29/1/2013,0.0110229,29/1/2013,1.3492,29/1/2013,1.5763
30/1/2013,0.160643,30/1/2013,0.0109788,30/1/2013,1.3567,30/1/2013,1.58005
31/1/2013,0.160804,31/1/2013,0.0109034,31/1/2013,1.35785,31/1/2013,1.58569
1/2/2013,0.160462,1/2/2013,0.0107733,1/2/2013,1.36401,1/2/2013,1.56935
4/2/2013,0.160444,4/2/2013,0.010825,4/2/2013,1.35145,4/2/2013,1.576
5/2/2013,0.160545,5/2/2013,0.0106793,5/2/2013,1.35833,5/2/2013,1.56588
6/2/2013,0.160462,6/2/2013,0.0106771,6/2/2013,1.35225,6/2/2013,1.56619
7/2/2013,0.160452,7/2/2013,0.0106798,7/2/2013,1.33978,7/2/2013,1.57159
8/2/2013,0.160449,8/2/2013,0.0107902,8/2/2013,1.33645,8/2/2013,1.58011
11/2/2013,0.1604,11/2/2013,0.010601,11/2/2013,1.34062,11/2/2013,1.5659
12/2/2013,0.160418,12/2/2013,0.0106978,12/2/2013,1.34541,12/2/2013,1.56629
13/2/2013,0.16037,13/2/2013,0.0107053,13/2/2013,1.3452,13/2/2013,1.5542
14/2/2013,0.160501,14/2/2013,0.0107676,14/2/2013,1.33628,14/2/2013,1.54943
15/2/2013,0.160516,15/2/2013,0.0106943,15/2/2013,1.336,15/2/2013,1.55179
18/2/2013,0.160208,18/2/2013,0.0106421,18/2/2013,1.3351,18/2/2013,1.5465
19/2/2013,0.160118,19/2/2013,0.0106864,19/2/2013,1.33878,19/2/2013,1.5425
20/2/2013,0.160215,20/2/2013,0.0106882,20/2/2013,1.32831,20/2/2013,1.5234
21/2/2013,0.160241,21/2/2013,0.0107383,21/2/2013,1.31898,21/2/2013,1.52545
22/2/2013,0.160385,22/2/2013,0.0107057,22/2/2013,1.31936,22/2/2013,1.51625
25/2/2013,0.160359,25/2/2013,0.0108913,25/2/2013,1.30625,25/2/2013,1.5163
26/2/2013,0.160511,26/2/2013,0.010873,26/2/2013,1.3061,26/2/2013,1.51247
27/2/2013,0.160576,27/2/2013,0.0108425,27/2/2013,1.31388,27/2/2013,1.5159
28/2/2013,0.16071,28/2/2013,0.0108044,28/2/2013,1.30565,28/2/2013,1.51632
1/3/2013,0.160751,1/3/2013,0.0106841,1/3/2013,1.30219,1/3/2013,1.50385
4/3/2013,0.160653,4/3/2013,0.0106965,4/3/2013,1.3026,4/3/2013,1.51155
5/3/2013,0.160795,5/3/2013,0.0107199,5/3/2013,1.30515,5/3/2013,1.51265
6/3/2013,0.160782,6/3/2013,0.0106304,6/3/2013,1.29668,6/3/2013,1.5018
7/3/2013,0.160769,7/3/2013,0.0105455,7/3/2013,1.31065,7/3/2013,1.5014
8/3/2013,0.160953,8/3/2013,0.0104162,8/3/2013,1.30049,8/3/2013,1.4925
11/3/2013,0.160746,11/3/2013,0.0103859,11/3/2013,1.3046,11/3/2013,1.4915
12/3/2013,0.160798,12/3/2013,0.0104075,12/3/2013,1.30338,12/3/2013,1.4903
13/3/2013,0.160963,13/3/2013,0.0104044,13/3/2013,1.2961,13/3/2013,1.4923
14/3/2013,0.160883,14/3/2013,0.0104025,14/3/2013,1.3005,14/3/2013,1.50825
15/3/2013,0.160992,15/3/2013,0.0104957,15/3/2013,1.30757,15/3/2013,1.5114
18/3/2013,0.16087,18/3/2013,0.0105053,18/3/2013,1.29565,18/3/2013,1.51065
19/3/2013,0.160867,19/3/2013,0.0105083,19/3/2013,1.28825,19/3/2013,1.50994
20/3/2013,0.160958,20/3/2013,0.0104138,20/3/2013,1.29325,20/3/2013,1.51005
21/3/2013,0.160948,21/3/2013,0.0105389,21/3/2013,1.28985,21/3/2013,1.51725
22/3/2013,0.161007,22/3/2013,0.0105834,22/3/2013,1.2989,22/3/2013,1.523
25/3/2013,0.160896,25/3/2013,0.0106175,25/3/2013,1.28526,25/3/2013,1.51745
26/3/2013,0.161122,26/3/2013,0.0105878,26/3/2013,1.2861,26/3/2013,1.51595
27/3/2013,0.161046,27/3/2013,0.0105871,27/3/2013,1.278,27/3/2013,1.51299
28/3/2013,0.161033,28/3/2013,0.0106194,28/3/2013,1.28158,28/3/2013,1.51933
29/3/2013,0.161007,29/3/2013,0.0106143,29/3/2013,1.28195,29/3/2013,1.5198
1/4/2013,0.161095,1/4/2013,0.010726,1/4/2013,1.28487,1/4/2013,1.5229
2/4/2013,0.161444,2/4/2013,0.0107041,2/4/2013,1.28203,2/4/2013,1.51035
3/4/2013,0.161382,3/4/2013,0.0107477,3/4/2013,1.285,3/4/2013,1.513
4/4/2013,0.161375,4/4/2013,0.0103801,4/4/2013,1.2936,4/4/2013,1.52353
5/4/2013,0.161252,5/4/2013,0.0102509,5/4/2013,1.29906,5/4/2013,1.53365
8/4/2013,0.161205,8/4/2013,0.0100634,8/4/2013,1.30088,8/4/2013,1.52556
9/4/2013,0.161344,9/4/2013,0.0100985,9/4/2013,1.30827,9/4/2013,1.53231
10/4/2013,0.161564,10/4/2013,0.0100206,10/4/2013,1.307,10/4/2013,1.53325
11/4/2013,0.161503,11/4/2013,0.0100325,11/4/2013,1.3099,11/4/2013,1.5386
12/4/2013,0.161493,12/4/2013,0.0101618,12/4/2013,1.31125,12/4/2013,1.53425
15/4/2013,0.161627,15/4/2013,0.010335,15/4/2013,1.30363,15/4/2013,1.5285
16/4/2013,0.161661,16/4/2013,0.0102513,16/4/2013,1.31775,16/4/2013,1.5362
17/4/2013,0.162133,17/4/2013,0.0101936,17/4/2013,1.30321,17/4/2013,1.5238
18/4/2013,0.161661,18/4/2013,0.0101874,18/4/2013,1.30508,18/4/2013,1.52785
19/4/2013,0.161995,19/4/2013,0.0100502,19/4/2013,1.3052,19/4/2013,1.52315
22/4/2013,0.161627,22/4/2013,0.0100777,22/4/2013,1.30664,22/4/2013,1.52899
23/4/2013,0.161951,23/4/2013,0.0100528,23/4/2013,1.2996,23/4/2013,1.52403
24/4/2013,0.161974,24/4/2013,0.0100498,24/4/2013,1.30155,24/4/2013,1.52669
25/4/2013,0.162169,25/4/2013,0.010075,25/4/2013,1.30115,25/4/2013,1.54341
26/4/2013,0.162325,26/4/2013,0.0101995,26/4/2013,1.30302,26/4/2013,1.54734
29/4/2013,0.162088,29/4/2013,0.0102286,29/4/2013,1.3099,29/4/2013,1.55
30/4/2013,0.162206,30/4/2013,0.0102628,30/4/2013,1.31675,30/4/2013,1.55319
1/5/2013,0.162206,1/5/2013,0.0102682,1/5/2013,1.31798,1/5/2013,1.55551
2/5/2013,0.162443,2/5/2013,0.0102105,2/5/2013,1.30655,2/5/2013,1.5535
3/5/2013,0.162454,3/5/2013,0.0101008,3/5/2013,1.31141,3/5/2013,1.55741
6/5/2013,0.162161,6/5/2013,0.0100674,6/5/2013,1.30761,6/5/2013,1.55391
7/5/2013,0.162493,7/5/2013,0.0101016,7/5/2013,1.30788,7/5/2013,1.5484
8/5/2013,0.16284,8/5/2013,0.0100988,8/5/2013,1.31528,8/5/2013,1.5534
9/5/2013,0.16305,9/5/2013,0.0099408,9/5/2013,1.30434,9/5/2013,1.5449
10/5/2013,0.162821,10/5/2013,0.009842,10/5/2013,1.29887,10/5/2013,1.53575
13/5/2013,0.162686,13/5/2013,0.0098211,13/5/2013,1.29745,13/5/2013,1.5299
14/5/2013,0.16279,14/5/2013,0.0097635,14/5/2013,1.29201,14/5/2013,1.52092
15/5/2013,0.16271,15/5/2013,0.0097806,15/5/2013,1.28865,15/5/2013,1.52342
16/5/2013,0.162623,16/5/2013,0.0097789,16/5/2013,1.2882,16/5/2013,1.527
17/5/2013,0.162816,17/5/2013,0.0096866,17/5/2013,1.28388,17/5/2013,1.51687
20/5/2013,0.162896,20/5/2013,0.0097796,20/5/2013,1.28825,20/5/2013,1.52555
21/5/2013,0.162983,21/5/2013,0.0097577,21/5/2013,1.29065,21/5/2013,1.5154
22/5/2013,0.163103,22/5/2013,0.0096938,22/5/2013,1.2858,22/5/2013,1.50498
23/5/2013,0.163026,23/5/2013,0.0098018,23/5/2013,1.29335,23/5/2013,1.51075
24/5/2013,0.16309,24/5/2013,0.0098705,24/5/2013,1.29323,24/5/2013,1.51265
27/5/2013,0.163359,27/5/2013,0.0099067,27/5/2013,1.2931,27/5/2013,1.50993
28/5/2013,0.163359,28/5/2013,0.00977,28/5/2013,1.28555,28/5/2013,1.50395
29/5/2013,0.16322,29/5/2013,0.0098872,29/5/2013,1.29408,29/5/2013,1.5131
30/5/2013,0.163108,30/5/2013,0.0099273,30/5/2013,1.305,30/5/2013,1.52315
31/5/2013,0.163012,31/5/2013,0.0099493,31/5/2013,1.2999,31/5/2013,1.5198
3/6/2013,0.163087,3/6/2013,0.0100451,3/6/2013,1.3076,3/6/2013,1.53216
4/6/2013,0.163169,4/6/2013,0.0099948,4/6/2013,1.3081,4/6/2013,1.53125
5/6/2013,0.163191,5/6/2013,0.0100939,5/6/2013,1.30932,5/6/2013,1.54055
6/6/2013,0.162967,6/6/2013,0.0103122,6/6/2013,1.32457,6/6/2013,1.56001
7/6/2013,0.163039,7/6/2013,0.0102501,7/6/2013,1.32185,7/6/2013,1.55575
10/6/2013,0.163039,10/6/2013,0.0101256,10/6/2013,1.32575,10/6/2013,1.55723
11/6/2013,0.163039,11/6/2013,0.0104138,11/6/2013,1.33135,11/6/2013,1.56456
12/6/2013,0.163039,12/6/2013,0.0104176,12/6/2013,1.33373,12/6/2013,1.568
13/6/2013,0.163015,13/6/2013,0.0104852,13/6/2013,1.33748,13/6/2013,1.57197
14/6/2013,0.163111,14/6/2013,0.0106158,14/6/2013,1.33465,14/6/2013,1.57069
17/6/2013,0.163276,17/6/2013,0.0105812,17/6/2013,1.33665,17/6/2013,1.57211
18/6/2013,0.163172,18/6/2013,0.0104904,18/6/2013,1.33924,18/6/2013,1.56423
19/6/2013,0.163215,19/6/2013,0.0103687,19/6/2013,1.32945,19/6/2013,1.54837
20/6/2013,0.16318,20/6/2013,0.0102779,20/6/2013,1.322,20/6/2013,1.5509
21/6/2013,0.163047,21/6/2013,0.0102144,21/6/2013,1.31215,21/6/2013,1.54185
24/6/2013,0.162731,24/6/2013,0.0102326,24/6/2013,1.31195,24/6/2013,1.54335
25/6/2013,0.162726,25/6/2013,0.0102229,25/6/2013,1.30774,25/6/2013,1.5422
26/6/2013,0.162681,26/6/2013,0.0102299,26/6/2013,1.3012,26/6/2013,1.53138
27/6/2013,0.162628,27/6/2013,0.0101675,27/6/2013,1.30381,27/6/2013,1.52595
28/6/2013,0.16293,28/6/2013,0.0100859,28/6/2013,1.301,28/6/2013,1.52125
1/7/2013,0.16306,1/7/2013,0.0100334,1/7/2013,1.30637,1/7/2013,1.5217
2/7/2013,0.163052,2/7/2013,0.0099375,2/7/2013,1.2979,2/7/2013,1.51565
3/7/2013,0.163111,3/7/2013,0.0100093,3/7/2013,1.30087,3/7/2013,1.52833
4/7/2013,0.163244,4/7/2013,0.009997,4/7/2013,1.29136,4/7/2013,1.50721
5/7/2013,0.163063,5/7/2013,0.0098832,5/7/2013,1.28288,5/7/2013,1.48896
8/7/2013,0.163034,8/7/2013,0.0099032,8/7/2013,1.28705,8/7/2013,1.495
9/7/2013,0.163145,9/7/2013,0.0098858,9/7/2013,1.2781,9/7/2013,1.48666
10/7/2013,0.163023,10/7/2013,0.010034,10/7/2013,1.2978,10/7/2013,1.50147
11/7/2013,0.16306,11/7/2013,0.0101049,11/7/2013,1.3097,11/7/2013,1.51836
12/7/2013,0.162933,12/7/2013,0.0100801,12/7/2013,1.30675,12/7/2013,1.5107
15/7/2013,0.162925,15/7/2013,0.0100141,15/7/2013,1.30623,15/7/2013,1.50996
16/7/2013,0.162999,16/7/2013,0.0100907,16/7/2013,1.31625,16/7/2013,1.51602
17/7/2013,0.162991,17/7/2013,0.0100432,17/7/2013,1.31248,17/7/2013,1.52125
18/7/2013,0.162832,18/7/2013,0.0099564,18/7/2013,1.31095,18/7/2013,1.5227
19/7/2013,0.162922,19/7/2013,0.0099374,19/7/2013,1.3143,19/7/2013,1.5267
22/7/2013,0.162832,22/7/2013,0.0100336,22/7/2013,1.31855,22/7/2013,1.536
23/7/2013,0.162935,23/7/2013,0.0100571,23/7/2013,1.3223,23/7/2013,1.53678
24/7/2013,0.162965,24/7/2013,0.0099734,24/7/2013,1.32007,24/7/2013,1.53146
25/7/2013,0.163007,25/7/2013,0.0100715,25/7/2013,1.3277,25/7/2013,1.53902
26/7/2013,0.16309,26/7/2013,0.0101787,26/7/2013,1.3279,26/7/2013,1.53817
29/7/2013,0.163066,29/7/2013,0.0102086,29/7/2013,1.32623,29/7/2013,1.53386
30/7/2013,0.163087,30/7/2013,0.0102009,30/7/2013,1.32625,30/7/2013,1.52375
31/7/2013,0.163161,31/7/2013,0.0102162,31/7/2013,1.3302,31/7/2013,1.52075
1/8/2013,0.163119,1/8/2013,0.0100455,1/8/2013,1.32066,1/8/2013,1.51202
2/8/2013,0.163148,2/8/2013,0.010106,2/8/2013,1.3276,2/8/2013,1.52944
5/8/2013,0.163273,5/8/2013,0.0101724,5/8/2013,1.32583,5/8/2013,1.53555
6/8/2013,0.163353,6/8/2013,0.0102314,6/8/2013,1.33048,6/8/2013,1.53485
7/8/2013,0.16342,7/8/2013,0.0103805,7/8/2013,1.3336,7/8/2013,1.54886
8/8/2013,0.163332,8/8/2013,0.0103393,8/8/2013,1.3381,8/8/2013,1.55388
9/8/2013,0.163348,9/8/2013,0.010393,9/8/2013,1.3342,9/8/2013,1.54985
12/8/2013,0.163337,12/8/2013,0.010319,12/8/2013,1.33004,12/8/2013,1.54611
13/8/2013,0.163353,13/8/2013,0.0101826,13/8/2013,1.3263,13/8/2013,1.54485
14/8/2013,0.163409,14/8/2013,0.0101897,14/8/2013,1.32554,14/8/2013,1.55005
15/8/2013,0.163599,15/8/2013,0.0102688,15/8/2013,1.33475,15/8/2013,1.56438
16/8/2013,0.163532,16/8/2013,0.0102529,16/8/2013,1.33292,16/8/2013,1.5629
19/8/2013,0.163321,19/8/2013,0.0102494,19/8/2013,1.3335,19/8/2013,1.5648
20/8/2013,0.163276,20/8/2013,0.0102806,20/8/2013,1.34172,20/8/2013,1.56677
21/8/2013,0.163308,21/8/2013,0.0102355,21/8/2013,1.33548,21/8/2013,1.5665
22/8/2013,0.163369,22/8/2013,0.0101294,22/8/2013,1.3356,22/8/2013,1.55885
23/8/2013,0.163372,23/8/2013,0.0101286,23/8/2013,1.3383,23/8/2013,1.55688
26/8/2013,0.163332,26/8/2013,0.0101524,26/8/2013,1.33679,26/8/2013,1.55763
27/8/2013,0.163353,27/8/2013,0.0103054,27/8/2013,1.3393,27/8/2013,1.55474
28/8/2013,0.163393,28/8/2013,0.010242,28/8/2013,1.33395,28/8/2013,1.55259
29/8/2013,0.163385,29/8/2013,0.0101678,29/8/2013,1.3241,29/8/2013,1.5504
30/8/2013,0.163412,30/8/2013,0.010188,30/8/2013,1.32225,30/8/2013,1.55035
2/9/2013,0.163409,2/9/2013,0.010067,2/9/2013,1.3192,2/9/2013,1.5544
3/9/2013,0.163383,3/9/2013,0.0100429,3/9/2013,1.31705,3/9/2013,1.5558
4/9/2013,0.163396,4/9/2013,0.0100247,4/9/2013,1.32074,4/9/2013,1.56265
5/9/2013,0.163401,5/9/2013,0.0099894,5/9/2013,1.31202,5/9/2013,1.559
6/9/2013,0.163385,6/9/2013,0.0100897,6/9/2013,1.3178,6/9/2013,1.5633
9/9/2013,0.163372,9/9/2013,0.0100429,9/9/2013,1.3255,9/9/2013,1.56963
10/9/2013,0.163399,10/9/2013,0.0099614,10/9/2013,1.32682,10/9/2013,1.57343
11/9/2013,0.163439,11/9/2013,0.0100109,11/9/2013,1.33107,11/9/2013,1.5818
12/9/2013,0.163452,12/9/2013,0.0100464,12/9/2013,1.32989,12/9/2013,1.58051
13/9/2013,0.163431,13/9/2013,0.010063,13/9/2013,1.3294,13/9/2013,1.5876
16/9/2013,0.163391,16/9/2013,0.0100952,16/9/2013,1.3334,16/9/2013,1.58957
17/9/2013,0.163359,17/9/2013,0.0100888,17/9/2013,1.3359,17/9/2013,1.5904
18/9/2013,0.163367,18/9/2013,0.0102108,18/9/2013,1.35215,18/9/2013,1.6146
19/9/2013,0.163344,19/9/2013,0.0100518,19/9/2013,1.35297,19/9/2013,1.60318
20/9/2013,0.163392,20/9/2013,0.0100647,20/9/2013,1.35242,20/9/2013,1.6006
23/9/2013,0.163359,23/9/2013,0.0101176,23/9/2013,1.34932,23/9/2013,1.60425
24/9/2013,0.163388,24/9/2013,0.0101271,24/9/2013,1.34735,24/9/2013,1.6004
25/9/2013,0.163388,25/9/2013,0.0101593,25/9/2013,1.3526,25/9/2013,1.6081
26/9/2013,0.163389,26/9/2013,0.0101021,26/9/2013,1.34885,26/9/2013,1.6041
27/9/2013,0.163411,27/9/2013,0.0101815,27/9/2013,1.3522,27/9/2013,1.61388
30/9/2013,0.163393,30/9/2013,0.0101801,30/9/2013,1.3527,30/9/2013,1.61855
1/10/2013,0.163359,1/10/2013,0.0102031,1/10/2013,1.3526,1/10/2013,1.6195
2/10/2013,0.163339,2/10/2013,0.0102716,2/10/2013,1.35785,2/10/2013,1.6223
3/10/2013,0.163335,3/10/2013,0.0102816,3/10/2013,1.36185,3/10/2013,1.6156
4/10/2013,0.163356,4/10/2013,0.0102592,4/10/2013,1.35575,4/10/2013,1.60098
7/10/2013,0.163399,7/10/2013,0.0103399,7/10/2013,1.3581,7/10/2013,1.60967
8/10/2013,0.163359,8/10/2013,0.0103224,8/10/2013,1.35733,8/10/2013,1.6084
9/10/2013,0.163352,9/10/2013,0.0102726,9/10/2013,1.3524,9/10/2013,1.59539
10/10/2013,0.16351,10/10/2013,0.0101878,10/10/2013,1.35202,10/10/2013,1.59675
11/10/2013,0.163385,11/10/2013,0.0101441,11/10/2013,1.35435,11/10/2013,1.5957
14/10/2013,0.163701,14/10/2013,0.0101442,14/10/2013,1.3561,14/10/2013,1.59827
15/10/2013,0.163848,15/10/2013,0.0101863,15/10/2013,1.35236,15/10/2013,1.59975
16/10/2013,0.163953,16/10/2013,0.0101264,16/10/2013,1.35345,16/10/2013,1.59507
17/10/2013,0.16398,17/10/2013,0.010213,17/10/2013,1.36755,17/10/2013,1.61646
18/10/2013,0.164004,18/10/2013,0.0102276,18/10/2013,1.36866,18/10/2013,1.61665
21/10/2013,0.164123,21/10/2013,0.010185,21/10/2013,1.36808,21/10/2013,1.61468
22/10/2013,0.164125,22/10/2013,0.0101893,22/10/2013,1.37815,22/10/2013,1.62359
23/10/2013,0.164398,23/10/2013,0.0102685,23/10/2013,1.37758,23/10/2013,1.61635
24/10/2013,0.164436,24/10/2013,0.0102794,24/10/2013,1.38013,24/10/2013,1.62015
25/10/2013,0.164399,25/10/2013,0.0102671,25/10/2013,1.38025,25/10/2013,1.61653
28/10/2013,0.164298,28/10/2013,0.0102388,28/10/2013,1.37848,28/10/2013,1.6142
29/10/2013,0.164221,29/10/2013,0.0101846,29/10/2013,1.37455,29/10/2013,1.60467
30/10/2013,0.16409,30/10/2013,0.0101509,30/10/2013,1.37358,30/10/2013,1.60391
31/10/2013,0.164128,31/10/2013,0.0101668,31/10/2013,1.35835,31/10/2013,1.604
1/11/2013,0.163948,1/11/2013,0.0101301,1/11/2013,1.34867,1/11/2013,1.5926
4/11/2013,0.163979,4/11/2013,0.0101404,4/11/2013,1.35143,4/11/2013,1.59681
5/11/2013,0.164015,5/11/2013,0.0101519,5/11/2013,1.34742,5/11/2013,1.60455
6/11/2013,0.164077,6/11/2013,0.0101359,6/11/2013,1.35126,6/11/2013,1.60805
7/11/2013,0.164179,7/11/2013,0.0101951,7/11/2013,1.34193,7/11/2013,1.60974
8/11/2013,0.164187,8/11/2013,0.0100941,8/11/2013,1.3367,8/11/2013,1.60175
11/11/2013,0.164136,11/11/2013,0.0100862,11/11/2013,1.34065,11/11/2013,1.59889
12/11/2013,0.16414,12/11/2013,0.0100363,12/11/2013,1.34355,12/11/2013,1.59047
13/11/2013,0.164034,13/11/2013,0.0100763,13/11/2013,1.34868,13/11/2013,1.6057
14/11/2013,0.16408,14/11/2013,0.009999,14/11/2013,1.3461,14/11/2013,1.60655
15/11/2013,0.164128,15/11/2013,0.0099815,15/11/2013,1.3496,15/11/2013,1.61175
18/11/2013,0.164143,18/11/2013,0.0100004,18/11/2013,1.35055,18/11/2013,1.61095
19/11/2013,0.164134,19/11/2013,0.0099867,19/11/2013,1.35385,19/11/2013,1.61196
20/11/2013,0.16419,20/11/2013,0.0099965,20/11/2013,1.34385,20/11/2013,1.6105
21/11/2013,0.164099,21/11/2013,0.0098857,21/11/2013,1.34818,21/11/2013,1.6199
22/11/2013,0.164099,22/11/2013,0.0098756,22/11/2013,1.35585,22/11/2013,1.6226
25/11/2013,0.164142,25/11/2013,0.0098353,25/11/2013,1.35165,25/11/2013,1.61546
26/11/2013,0.164128,26/11/2013,0.0098743,26/11/2013,1.35721,26/11/2013,1.62158
27/11/2013,0.164139,27/11/2013,0.0097886,27/11/2013,1.35793,27/11/2013,1.62871
28/11/2013,0.164144,28/11/2013,0.0097731,28/11/2013,1.36063,28/11/2013,1.63435
29/11/2013,0.164155,29/11/2013,0.009762,29/11/2013,1.35906,29/11/2013,1.63675
2/12/2013,0.164115,2/12/2013,0.0097141,2/12/2013,1.35418,2/12/2013,1.63565
3/12/2013,0.164152,3/12/2013,0.009755,3/12/2013,1.3588,3/12/2013,1.63905
4/12/2013,0.164169,4/12/2013,0.0097704,4/12/2013,1.35931,4/12/2013,1.63837
5/12/2013,0.164161,5/12/2013,0.0098247,5/12/2013,1.36672,5/12/2013,1.63326
6/12/2013,0.164482,6/12/2013,0.0097183,6/12/2013,1.37055,6/12/2013,1.6349
9/12/2013,0.164674,9/12/2013,0.0096838,9/12/2013,1.37387,9/12/2013,1.64295
10/12/2013,0.164715,10/12/2013,0.0097237,10/12/2013,1.3761,10/12/2013,1.64445
11/12/2013,0.164704,11/12/2013,0.009763,11/12/2013,1.3786,11/12/2013,1.63736
12/12/2013,0.164685,12/12/2013,0.0096736,12/12/2013,1.37531,12/12/2013,1.635
13/12/2013,0.164739,13/12/2013,0.0096879,13/12/2013,1.37418,13/12/2013,1.63005
16/12/2013,0.164701,16/12/2013,0.0097077,16/12/2013,1.37605,16/12/2013,1.62975
17/12/2013,0.164712,17/12/2013,0.00974,17/12/2013,1.37681,17/12/2013,1.6264
18/12/2013,0.16462,18/12/2013,0.00959,18/12/2013,1.36847,18/12/2013,1.63905
19/12/2013,0.16478,19/12/2013,0.0095933,19/12/2013,1.3661,19/12/2013,1.63705
20/12/2013,0.164677,20/12/2013,0.009607,20/12/2013,1.3673,20/12/2013,1.63355
23/12/2013,0.164745,23/12/2013,0.0096055,23/12/2013,1.3696,23/12/2013,1.6356
24/12/2013,0.164709,24/12/2013,0.0095932,24/12/2013,1.36798,24/12/2013,1.63675
25/12/2013,0.164745,25/12/2013,0.009587,25/12/2013,1.36805,25/12/2013,1.63507
26/12/2013,0.164739,26/12/2013,0.009541,26/12/2013,1.36912,26/12/2013,1.64106
27/12/2013,0.164829,27/12/2013,0.0095092,27/12/2013,1.3749,27/12/2013,1.64833
30/12/2013,0.164957,30/12/2013,0.0095119,30/12/2013,1.38005,30/12/2013,1.6501
31/12/2013,0.165134,31/12/2013,0.0094967,31/12/2013,1.37428,31/12/2013,1.65575
1/1/2014,0.165292,1/1/2014,0.0095016,1/1/2014,1.37625,1/1/2014,1.65665
2/1/2014,0.165284,2/1/2014,0.0095421,2/1/2014,1.36721,2/1/2014,1.64535
3/1/2014,0.165243,3/1/2014,0.009537,3/1/2014,1.35885,3/1/2014,1.64183
6/1/2014,0.16515,6/1/2014,0.009595,6/1/2014,1.36288,6/1/2014,1.64055
7/1/2014,0.165265,7/1/2014,0.0095608,7/1/2014,1.36156,7/1/2014,1.6402
8/1/2014,0.165235,8/1/2014,0.0095338,8/1/2014,1.35755,8/1/2014,1.6448
9/1/2014,0.165164,9/1/2014,0.0095397,9/1/2014,1.36083,9/1/2014,1.6481
10/1/2014,0.165246,10/1/2014,0.0095995,10/1/2014,1.36698,10/1/2014,1.64825
13/1/2014,0.165445,13/1/2014,0.0097079,13/1/2014,1.36713,13/1/2014,1.63828
14/1/2014,0.165536,14/1/2014,0.0095957,14/1/2014,1.36792,14/1/2014,1.64398
15/1/2014,0.165379,15/1/2014,0.0095644,15/1/2014,1.3605,15/1/2014,1.63705
16/1/2014,0.165136,16/1/2014,0.009582,16/1/2014,1.362,16/1/2014,1.63539
17/1/2014,0.165284,17/1/2014,0.0095845,17/1/2014,1.3541,17/1/2014,1.64245
20/1/2014,0.165211,20/1/2014,0.009599,20/1/2014,1.3552,20/1/2014,1.64287
21/1/2014,0.165281,21/1/2014,0.0095878,21/1/2014,1.3561,21/1/2014,1.6477
22/1/2014,0.165235,22/1/2014,0.0095671,22/1/2014,1.35472,22/1/2014,1.65746
23/1/2014,0.165218,23/1/2014,0.0096818,23/1/2014,1.36961,23/1/2014,1.66375
24/1/2014,0.165338,24/1/2014,0.0097787,24/1/2014,1.36775,24/1/2014,1.64818
27/1/2014,0.165333,27/1/2014,0.0097516,27/1/2014,1.36734,27/1/2014,1.65845
28/1/2014,0.165262,28/1/2014,0.009714,28/1/2014,1.36708,28/1/2014,1.6579
29/1/2014,0.165109,29/1/2014,0.0097772,29/1/2014,1.36625,29/1/2014,1.6563
30/1/2014,0.165003,30/1/2014,0.0097362,30/1/2014,1.35545,30/1/2014,1.64846
31/1/2014,0.165019,31/1/2014,0.0098004,31/1/2014,1.34861,31/1/2014,1.64391
3/2/2014,0.164962,3/2/2014,0.0099045,3/2/2014,1.3525,3/2/2014,1.63045
4/2/2014,0.164978,4/2/2014,0.0098381,4/2/2014,1.35185,4/2/2014,1.63253
5/2/2014,0.164976,5/2/2014,0.0098561,5/2/2014,1.3533,5/2/2014,1.63095
6/2/2014,0.164978,6/2/2014,0.0097934,6/2/2014,1.359,6/2/2014,1.63222
7/2/2014,0.164889,7/2/2014,0.0097694,7/2/2014,1.36346,7/2/2014,1.64109
10/2/2014,0.165025,10/2/2014,0.0097792,10/2/2014,1.36455,10/2/2014,1.64029
11/2/2014,0.165006,11/2/2014,0.0097431,11/2/2014,1.36379,11/2/2014,1.645
12/2/2014,0.164927,12/2/2014,0.0097528,12/2/2014,1.35932,12/2/2014,1.65955
13/2/2014,0.16494,13/2/2014,0.0097874,13/2/2014,1.36805,13/2/2014,1.66589
14/2/2014,0.164826,14/2/2014,0.009823,14/2/2014,1.36926,14/2/2014,1.67475
17/2/2014,0.1649,17/2/2014,0.0098116,17/2/2014,1.3707,17/2/2014,1.67139
18/2/2014,0.164813,18/2/2014,0.0097695,18/2/2014,1.37587,18/2/2014,1.66836
19/2/2014,0.164571,19/2/2014,0.009774,19/2/2014,1.37332,19/2/2014,1.66795
20/2/2014,0.164355,20/2/2014,0.0097777,20/2/2014,1.37185,20/2/2014,1.66507
21/2/2014,0.164166,21/2/2014,0.0097572,21/2/2014,1.37459,21/2/2014,1.6616
24/2/2014,0.163988,24/2/2014,0.0097561,24/2/2014,1.37349,24/2/2014,1.66563
25/2/2014,0.163287,25/2/2014,0.0097812,25/2/2014,1.37446,25/2/2014,1.66805
26/2/2014,0.163289,26/2/2014,0.0097675,26/2/2014,1.36866,26/2/2014,1.66708
27/2/2014,0.163159,27/2/2014,0.0097919,27/2/2014,1.37099,27/2/2014,1.66875
28/2/2014,0.162697,28/2/2014,0.0098251,28/2/2014,1.38022,28/2/2014,1.6745
3/3/2014,0.162697,3/3/2014,0.009857,3/3/2014,1.37347,3/3/2014,1.66669
4/3/2014,0.162837,4/3/2014,0.0097841,4/3/2014,1.37431,4/3/2014,1.6664
5/3/2014,0.16318,5/3/2014,0.0097749,5/3/2014,1.37331,5/3/2014,1.67215
6/3/2014,0.163431,6/3/2014,0.0097023,6/3/2014,1.38608,6/3/2014,1.67395
7/3/2014,0.163257,7/3/2014,0.0096843,7/3/2014,1.3875,7/3/2014,1.67128
10/3/2014,0.162927,10/3/2014,0.0096836,10/3/2014,1.38765,10/3/2014,1.66449
11/3/2014,0.162882,11/3/2014,0.0097068,11/3/2014,1.38598,11/3/2014,1.66165
12/3/2014,0.162676,12/3/2014,0.0097317,12/3/2014,1.39033,12/3/2014,1.6619
13/3/2014,0.162989,13/3/2014,0.00982,13/3/2014,1.38683,13/3/2014,1.66244
14/3/2014,0.162602,14/3/2014,0.0098655,14/3/2014,1.39142,14/3/2014,1.66473
17/3/2014,0.161828,17/3/2014,0.0098267,17/3/2014,1.3922,17/3/2014,1.66365
18/3/2014,0.161496,18/3/2014,0.0098583,18/3/2014,1.3934,18/3/2014,1.65927
19/3/2014,0.161418,19/3/2014,0.0097725,19/3/2014,1.38328,19/3/2014,1.65406
20/3/2014,0.160568,20/3/2014,0.0097667,20/3/2014,1.37785,20/3/2014,1.6504
21/3/2014,0.160627,21/3/2014,0.0097773,21/3/2014,1.37935,21/3/2014,1.6486
24/3/2014,0.161394,24/3/2014,0.0097805,24/3/2014,1.3839,24/3/2014,1.6498
25/3/2014,0.161236,25/3/2014,0.0097789,25/3/2014,1.38263,25/3/2014,1.65294
26/3/2014,0.161012,26/3/2014,0.0097996,26/3/2014,1.37811,26/3/2014,1.65827
27/3/2014,0.160953,27/3/2014,0.0097864,27/3/2014,1.37404,27/3/2014,1.66109
28/3/2014,0.160976,28/3/2014,0.0097253,28/3/2014,1.37516,28/3/2014,1.6638
31/3/2014,0.160836,31/3/2014,0.0096875,31/3/2014,1.37685,31/3/2014,1.66617
1/4/2014,0.161108,1/4/2014,0.009645,1/4/2014,1.37932,1/4/2014,1.66295
2/4/2014,0.161147,2/4/2014,0.0096267,2/4/2014,1.37673,2/4/2014,1.66264
3/4/2014,0.161015,3/4/2014,0.0096216,3/4/2014,1.37199,3/4/2014,1.65976
4/4/2014,0.161031,4/4/2014,0.0096822,4/4/2014,1.37049,4/4/2014,1.65745
7/4/2014,0.160981,7/4/2014,0.0096998,7/4/2014,1.37417,7/4/2014,1.66085
8/4/2014,0.161392,8/4/2014,0.0098222,8/4/2014,1.3797,8/4/2014,1.67471
9/4/2014,0.161277,9/4/2014,0.0098044,9/4/2014,1.38552,9/4/2014,1.67929
10/4/2014,0.160971,10/4/2014,0.0098495,10/4/2014,1.38863,10/4/2014,1.67849
11/4/2014,0.161002,11/4/2014,0.0098409,11/4/2014,1.38848,11/4/2014,1.67326
14/4/2014,0.1608,14/4/2014,0.0098185,14/4/2014,1.38207,14/4/2014,1.67287
15/4/2014,0.160746,15/4/2014,0.0098124,15/4/2014,1.38145,15/4/2014,1.67296
16/4/2014,0.160733,16/4/2014,0.0097831,16/4/2014,1.38155,16/4/2014,1.67971
17/4/2014,0.160779,17/4/2014,0.0097666,17/4/2014,1.38139,17/4/2014,1.67944
18/4/2014,0.160655,18/4/2014,0.0097638,18/4/2014,1.38127,18/4/2014,1.67936
21/4/2014,0.160128,21/4/2014,0.0097467,21/4/2014,1.37926,21/4/2014,1.67915
22/4/2014,0.160331,22/4/2014,0.0097452,22/4/2014,1.38052,22/4/2014,1.68238
23/4/2014,0.160321,23/4/2014,0.0097525,23/4/2014,1.3817,23/4/2014,1.67815
24/4/2014,0.160041,24/4/2014,0.0097742,24/4/2014,1.38315,24/4/2014,1.68022
25/4/2014,0.1599,25/4/2014,0.0097855,25/4/2014,1.38338,25/4/2014,1.68028
28/4/2014,0.159908,28/4/2014,0.0097571,28/4/2014,1.38512,28/4/2014,1.68074
29/4/2014,0.159798,29/4/2014,0.009743,29/4/2014,1.38123,29/4/2014,1.68274
30/4/2014,0.159744,30/4/2014,0.0097814,30/4/2014,1.38668,30/4/2014,1.6873
1/5/2014,0.159788,1/5/2014,0.0097724,1/5/2014,1.38695,1/5/2014,1.68929
2/5/2014,0.159765,2/5/2014,0.0097845,2/5/2014,1.38694,2/5/2014,1.687
5/5/2014,0.160102,5/5/2014,0.0097905,5/5/2014,1.38755,5/5/2014,1.68665
6/5/2014,0.160609,6/5/2014,0.0098344,6/5/2014,1.39276,6/5/2014,1.6975
7/5/2014,0.160382,7/5/2014,0.0098134,7/5/2014,1.39103,7/5/2014,1.69525
8/5/2014,0.16056,8/5/2014,0.0098371,8/5/2014,1.38399,8/5/2014,1.69325
9/5/2014,0.16057,9/5/2014,0.0098196,9/5/2014,1.37585,9/5/2014,1.68506
12/5/2014,0.160313,12/5/2014,0.0097923,12/5/2014,1.37573,12/5/2014,1.68678
13/5/2014,0.160534,13/5/2014,0.0097793,13/5/2014,1.37035,13/5/2014,1.68255
14/5/2014,0.160534,14/5/2014,0.0098138,14/5/2014,1.37147,14/5/2014,1.67672
15/5/2014,0.160496,15/5/2014,0.0098444,15/5/2014,1.37095,15/5/2014,1.67899
16/5/2014,0.160411,16/5/2014,0.0098521,16/5/2014,1.36938,16/5/2014,1.68115
19/5/2014,0.160334,19/5/2014,0.0098519,19/5/2014,1.37091,19/5/2014,1.6814
20/5/2014,0.160326,20/5/2014,0.0098691,20/5/2014,1.37015,20/5/2014,1.68385
21/5/2014,0.160424,21/5/2014,0.0098654,21/5/2014,1.3687,21/5/2014,1.69001
22/5/2014,0.160385,22/5/2014,0.0098294,22/5/2014,1.36557,22/5/2014,1.68705
23/5/2014,0.160382,23/5/2014,0.0098068,23/5/2014,1.36291,23/5/2014,1.68325
26/5/2014,0.160272,26/5/2014,0.0098122,26/5/2014,1.36458,26/5/2014,1.68425
27/5/2014,0.160059,27/5/2014,0.0098066,27/5/2014,1.36345,27/5/2014,1.68102
28/5/2014,0.159852,28/5/2014,0.0098193,28/5/2014,1.3591,28/5/2014,1.67106
29/5/2014,0.160295,29/5/2014,0.0098244,29/5/2014,1.36018,29/5/2014,1.67167
30/5/2014,0.160056,30/5/2014,0.0098252,30/5/2014,1.36345,30/5/2014,1.67554
2/6/2014,0.160046,2/6/2014,0.0097674,2/6/2014,1.35966,2/6/2014,1.6746
3/6/2014,0.159877,3/6/2014,0.0097551,3/6/2014,1.36275,3/6/2014,1.67494
4/6/2014,0.16,4/6/2014,0.0097328,4/6/2014,1.35986,4/6/2014,1.67371
5/6/2014,0.159788,5/6/2014,0.0097643,5/6/2014,1.36605,5/6/2014,1.68201
6/6/2014,0.159977,6/6/2014,0.0097579,6/6/2014,1.36426,6/6/2014,1.6802
9/6/2014,0.160251,9/6/2014,0.0097533,9/6/2014,1.35938,9/6/2014,1.68034
10/6/2014,0.160655,10/6/2014,0.00977,10/6/2014,1.35474,10/6/2014,1.67561
11/6/2014,0.160565,11/6/2014,0.009797,11/6/2014,1.35315,11/6/2014,1.6788
12/6/2014,0.160805,12/6/2014,0.0098332,12/6/2014,1.35525,12/6/2014,1.69285
13/6/2014,0.161051,13/6/2014,0.009799,13/6/2014,1.35401,13/6/2014,1.69675
16/6/2014,0.160769,16/6/2014,0.0098203,16/6/2014,1.35736,16/6/2014,1.69836
17/6/2014,0.160601,17/6/2014,0.0097896,17/6/2014,1.35468,17/6/2014,1.69646
18/6/2014,0.160475,18/6/2014,0.0098114,18/6/2014,1.35955,18/6/2014,1.69936
19/6/2014,0.16055,19/6/2014,0.0098096,19/6/2014,1.36076,19/6/2014,1.70392
20/6/2014,0.160671,20/6/2014,0.0097969,20/6/2014,1.35998,20/6/2014,1.70126
23/6/2014,0.160625,23/6/2014,0.0098104,23/6/2014,1.36045,23/6/2014,1.70274
24/6/2014,0.160514,24/6/2014,0.0098074,24/6/2014,1.36058,24/6/2014,1.6986
25/6/2014,0.160382,25/6/2014,0.0098167,25/6/2014,1.36286,25/6/2014,1.69835
26/6/2014,0.160655,26/6/2014,0.0098307,26/6/2014,1.36115,26/6/2014,1.70265
27/6/2014,0.160818,27/6/2014,0.0098617,27/6/2014,1.3649,27/6/2014,1.70355
30/6/2014,0.161171,30/6/2014,0.0098692,30/6/2014,1.36923,30/6/2014,1.71058
1/7/2014,0.161275,1/7/2014,0.0098498,1/7/2014,1.36793,1/7/2014,1.71496
2/7/2014,0.16102,2/7/2014,0.0098255,2/7/2014,1.36595,2/7/2014,1.71655
3/7/2014,0.161002,3/7/2014,0.0097852,3/7/2014,1.36102,3/7/2014,1.7155
4/7/2014,0.161197,4/7/2014,0.0097946,4/7/2014,1.35945,4/7/2014,1.71597
7/7/2014,0.161186,7/7/2014,0.0098165,7/7/2014,1.36048,7/7/2014,1.71276
8/7/2014,0.161249,8/7/2014,0.0098453,8/7/2014,1.36123,8/7/2014,1.71311
9/7/2014,0.161288,9/7/2014,0.0098384,9/7/2014,1.36415,9/7/2014,1.71575
10/7/2014,0.161225,10/7/2014,0.0098673,10/7/2014,1.36088,10/7/2014,1.7132
11/7/2014,0.161176,11/7/2014,0.0098647,11/7/2014,1.36075,11/7/2014,1.71165
14/7/2014,0.161127,14/7/2014,0.0098485,14/7/2014,1.3619,14/7/2014,1.70836
15/7/2014,0.161082,15/7/2014,0.0098344,15/7/2014,1.35678,15/7/2014,1.71433
16/7/2014,0.161186,16/7/2014,0.0098349,16/7/2014,1.35253,16/7/2014,1.71371
17/7/2014,0.161189,17/7/2014,0.0098841,17/7/2014,1.35263,17/7/2014,1.71006
18/7/2014,0.160971,18/7/2014,0.0098673,18/7/2014,1.35243,18/7/2014,1.70878
21/7/2014,0.161051,21/7/2014,0.0098623,21/7/2014,1.35236,21/7/2014,1.70758
22/7/2014,0.16116,22/7/2014,0.009856,22/7/2014,1.34656,22/7/2014,1.70646
23/7/2014,0.161329,23/7/2014,0.0098536,23/7/2014,1.34635,23/7/2014,1.7044
24/7/2014,0.161413,24/7/2014,0.0098219,24/7/2014,1.34639,24/7/2014,1.69861
25/7/2014,0.161501,25/7/2014,0.0098195,25/7/2014,1.34298,25/7/2014,1.6975
28/7/2014,0.161634,28/7/2014,0.0098173,28/7/2014,1.34396,28/7/2014,1.69834
29/7/2014,0.161791,29/7/2014,0.0097922,29/7/2014,1.34087,29/7/2014,1.69437
30/7/2014,0.162035,30/7/2014,0.0097299,30/7/2014,1.3397,30/7/2014,1.69133
31/7/2014,0.161977,31/7/2014,0.0097281,31/7/2014,1.33905,31/7/2014,1.68857
1/8/2014,0.161846,1/8/2014,0.0097456,1/8/2014,1.34274,1/8/2014,1.68206
4/8/2014,0.161831,4/8/2014,0.0097476,4/8/2014,1.3422,4/8/2014,1.6863
5/8/2014,0.162056,5/8/2014,0.009747,5/8/2014,1.33762,5/8/2014,1.6886
6/8/2014,0.162259,6/8/2014,0.0097935,6/8/2014,1.33826,6/8/2014,1.68535
7/8/2014,0.16229,7/8/2014,0.0097952,7/8/2014,1.33635,7/8/2014,1.68325
8/8/2014,0.162438,8/8/2014,0.0098012,8/8/2014,1.34097,8/8/2014,1.67734
11/8/2014,0.162501,11/8/2014,0.0097854,11/8/2014,1.33851,11/8/2014,1.6787
12/8/2014,0.162412,12/8/2014,0.0097792,12/8/2014,1.33695,12/8/2014,1.68121
13/8/2014,0.162472,13/8/2014,0.0097654,13/8/2014,1.33644,13/8/2014,1.66878
14/8/2014,0.162536,14/8/2014,0.0097608,14/8/2014,1.33648,14/8/2014,1.66862
15/8/2014,0.162485,15/8/2014,0.0097698,15/8/2014,1.34005,15/8/2014,1.66933
18/8/2014,0.162771,18/8/2014,0.0097493,18/8/2014,1.33636,18/8/2014,1.67281
19/8/2014,0.162821,19/8/2014,0.0097168,19/8/2014,1.33201,19/8/2014,1.6617
20/8/2014,0.162835,20/8/2014,0.0096376,20/8/2014,1.32593,20/8/2014,1.65955
21/8/2014,0.162549,21/8/2014,0.0096295,21/8/2014,1.32808,21/8/2014,1.65802
22/8/2014,0.162435,22/8/2014,0.0096207,22/8/2014,1.3242,22/8/2014,1.65717
25/8/2014,0.162462,25/8/2014,0.0096103,25/8/2014,1.31921,25/8/2014,1.65785
26/8/2014,0.162522,26/8/2014,0.0096094,26/8/2014,1.31674,26/8/2014,1.65399
27/8/2014,0.162752,27/8/2014,0.0096266,27/8/2014,1.31929,27/8/2014,1.65764
28/8/2014,0.162787,28/8/2014,0.009641,28/8/2014,1.31822,28/8/2014,1.65865
29/8/2014,0.162694,29/8/2014,0.0096062,29/8/2014,1.31324,29/8/2014,1.65981
1/9/2014,0.162807,1/9/2014,0.0095831,1/9/2014,1.31285,1/9/2014,1.66076
2/9/2014,0.162631,2/9/2014,0.0095165,2/9/2014,1.31333,2/9/2014,1.64697
3/9/2014,0.162829,3/9/2014,0.0095426,3/9/2014,1.31502,3/9/2014,1.64612
4/9/2014,0.162933,4/9/2014,0.0095001,4/9/2014,1.2944,4/9/2014,1.63306
5/9/2014,0.162866,5/9/2014,0.0095159,5/9/2014,1.29505,5/9/2014,1.63266
8/9/2014,0.162813,8/9/2014,0.0094312,8/9/2014,1.28945,8/9/2014,1.61044
9/9/2014,0.162941,9/9/2014,0.0094159,9/9/2014,1.29375,9/9/2014,1.61058
10/9/2014,0.163148,10/9/2014,0.0093588,10/9/2014,1.29171,10/9/2014,1.62106
11/9/2014,0.163116,11/9/2014,0.0093368,11/9/2014,1.29245,11/9/2014,1.62549
12/9/2014,0.163095,12/9/2014,0.0093151,12/9/2014,1.29633,12/9/2014,1.62675
15/9/2014,0.162816,15/9/2014,0.0093295,15/9/2014,1.29402,15/9/2014,1.62327
16/9/2014,0.162721,16/9/2014,0.0093342,16/9/2014,1.29598,16/9/2014,1.62771
17/9/2014,0.162848,17/9/2014,0.0092278,17/9/2014,1.28651,17/9/2014,1.62755
18/9/2014,0.16279,18/9/2014,0.0092008,18/9/2014,1.29229,18/9/2014,1.63955
19/9/2014,0.162824,19/9/2014,0.0091697,19/9/2014,1.2829,19/9/2014,1.62878
22/9/2014,0.162859,22/9/2014,0.0091887,22/9/2014,1.28492,22/9/2014,1.63613
23/9/2014,0.162851,23/9/2014,0.0091848,23/9/2014,1.28466,23/9/2014,1.63885
24/9/2014,0.162983,24/9/2014,0.0091707,24/9/2014,1.27802,24/9/2014,1.63397
25/9/2014,0.162975,25/9/2014,0.0091949,25/9/2014,1.27507,25/9/2014,1.63175
26/9/2014,0.163204,26/9/2014,0.0091503,26/9/2014,1.2684,26/9/2014,1.62497
29/9/2014,0.162607,29/9/2014,0.0091331,29/9/2014,1.26853,29/9/2014,1.62414
30/9/2014,0.162896,30/9/2014,0.0091196,30/9/2014,1.26308,30/9/2014,1.62129
1/10/2014,0.16297,1/10/2014,0.009184,1/10/2014,1.26225,1/10/2014,1.61855
2/10/2014,0.162943,2/10/2014,0.0092235,2/10/2014,1.26687,2/10/2014,1.61446
3/10/2014,0.162967,3/10/2014,0.0091089,3/10/2014,1.25157,3/10/2014,1.59732
6/10/2014,0.162909,6/10/2014,0.0091926,6/10/2014,1.26551,6/10/2014,1.6084
7/10/2014,0.162991,7/10/2014,0.009257,7/10/2014,1.2669,7/10/2014,1.60958
8/10/2014,0.162821,8/10/2014,0.0092525,8/10/2014,1.27336,8/10/2014,1.61687
9/10/2014,0.163119,9/10/2014,0.0092732,9/10/2014,1.26907,9/10/2014,1.61171
10/10/2014,0.163135,10/10/2014,0.0092895,10/10/2014,1.26283,10/10/2014,1.60763
13/10/2014,0.163281,13/10/2014,0.0093602,13/10/2014,1.2752,13/10/2014,1.60845
14/10/2014,0.163231,14/10/2014,0.0093408,14/10/2014,1.26582,14/10/2014,1.5904
15/10/2014,0.163289,15/10/2014,0.0094411,15/10/2014,1.2838,15/10/2014,1.60205
16/10/2014,0.163319,16/10/2014,0.0094051,16/10/2014,1.2809,16/10/2014,1.60875
17/10/2014,0.163276,17/10/2014,0.0093549,17/10/2014,1.27608,17/10/2014,1.60931
20/10/2014,0.163287,20/10/2014,0.0093508,20/10/2014,1.28004,20/10/2014,1.6165
21/10/2014,0.163353,21/10/2014,0.0093456,21/10/2014,1.2716,21/10/2014,1.61128
22/10/2014,0.163503,22/10/2014,0.009333,22/10/2014,1.26488,22/10/2014,1.60503
23/10/2014,0.163407,23/10/2014,0.009237,23/10/2014,1.26465,23/10/2014,1.60301
24/10/2014,0.163447,24/10/2014,0.0092458,24/10/2014,1.26705,24/10/2014,1.609
27/10/2014,0.163463,27/10/2014,0.0092764,27/10/2014,1.26985,27/10/2014,1.61202
28/10/2014,0.163548,28/10/2014,0.0092465,28/10/2014,1.27345,28/10/2014,1.61305
29/10/2014,0.163543,29/10/2014,0.0091825,29/10/2014,1.26321,29/10/2014,1.60117
30/10/2014,0.163551,30/10/2014,0.0091571,30/10/2014,1.26132,30/10/2014,1.60016
31/10/2014,0.163586,31/10/2014,0.0089007,31/10/2014,1.25245,31/10/2014,1.59953
3/11/2014,0.163332,3/11/2014,0.0087681,3/11/2014,1.24819,3/11/2014,1.5972
4/11/2014,0.163526,4/11/2014,0.0088016,4/11/2014,1.25463,4/11/2014,1.60028
5/11/2014,0.16357,5/11/2014,0.0087213,5/11/2014,1.24859,5/11/2014,1.5976
6/11/2014,0.163709,6/11/2014,0.0086806,6/11/2014,1.23752,6/11/2014,1.58318
7/11/2014,0.163313,7/11/2014,0.0087241,7/11/2014,1.24548,7/11/2014,1.58687
10/11/2014,0.163399,10/11/2014,0.008706,10/11/2014,1.24207,10/11/2014,1.58421
11/11/2014,0.163225,11/11/2014,0.0086347,11/11/2014,1.24753,11/11/2014,1.59187
12/11/2014,0.163255,12/11/2014,0.0086602,12/11/2014,1.24379,12/11/2014,1.57793
13/11/2014,0.163276,13/11/2014,0.0086391,13/11/2014,1.24769,13/11/2014,1.57115
14/11/2014,0.163119,14/11/2014,0.0085981,14/11/2014,1.25251,14/11/2014,1.56691
17/11/2014,0.163249,17/11/2014,0.0085767,17/11/2014,1.24498,17/11/2014,1.56413
18/11/2014,0.163377,18/11/2014,0.0085582,18/11/2014,1.25364,18/11/2014,1.56329
19/11/2014,0.16349,19/11/2014,0.0084763,19/11/2014,1.2554,19/11/2014,1.56821
20/11/2014,0.1633,20/11/2014,0.0084583,20/11/2014,1.2539,20/11/2014,1.5692
21/11/2014,0.163303,21/11/2014,0.0084882,21/11/2014,1.23913,21/11/2014,1.56564
24/11/2014,0.162819,24/11/2014,0.0084549,24/11/2014,1.24424,24/11/2014,1.5706
25/11/2014,0.162959,25/11/2014,0.0084769,25/11/2014,1.24745,25/11/2014,1.5708
26/11/2014,0.162856,26/11/2014,0.0084934,26/11/2014,1.25061,26/11/2014,1.5792
27/11/2014,0.162893,27/11/2014,0.0084945,27/11/2014,1.24673,27/11/2014,1.57356
28/11/2014,0.162827,28/11/2014,0.0084302,28/11/2014,1.2452,28/11/2014,1.5645
1/12/2014,0.162554,1/12/2014,0.0084467,1/12/2014,1.24701,1/12/2014,1.57298
2/12/2014,0.162647,2/12/2014,0.0083873,2/12/2014,1.23832,2/12/2014,1.56371
3/12/2014,0.162612,3/12/2014,0.0083479,3/12/2014,1.2311,3/12/2014,1.56858
4/12/2014,0.162554,4/12/2014,0.0083484,4/12/2014,1.23788,4/12/2014,1.56733
5/12/2014,0.162594,5/12/2014,0.0082327,5/12/2014,1.22835,5/12/2014,1.558
8/12/2014,0.161993,8/12/2014,0.0082858,8/12/2014,1.2317,8/12/2014,1.56528
9/12/2014,0.161637,9/12/2014,0.0083543,9/12/2014,1.2374,9/12/2014,1.56675
10/12/2014,0.16193,10/12/2014,0.0084868,10/12/2014,1.24481,10/12/2014,1.57155
11/12/2014,0.161603,11/12/2014,0.0084279,11/12/2014,1.2411,11/12/2014,1.57323
12/12/2014,0.161676,12/12/2014,0.0084167,12/12/2014,1.2462,12/12/2014,1.57157
15/12/2014,0.161564,15/12/2014,0.0084848,15/12/2014,1.24372,15/12/2014,1.5638
16/12/2014,0.161564,16/12/2014,0.0085906,16/12/2014,1.2511,16/12/2014,1.57501
17/12/2014,0.161415,17/12/2014,0.0084278,17/12/2014,1.23419,17/12/2014,1.55751
18/12/2014,0.160886,18/12/2014,0.0084144,18/12/2014,1.22864,18/12/2014,1.56702
19/12/2014,0.160725,19/12/2014,0.0083699,19/12/2014,1.22285,19/12/2014,1.56258
22/12/2014,0.160738,22/12/2014,0.0083304,22/12/2014,1.22298,22/12/2014,1.55901
23/12/2014,0.160653,23/12/2014,0.0082858,23/12/2014,1.21724,23/12/2014,1.55217
24/12/2014,0.160821,24/12/2014,0.008301,24/12/2014,1.21964,24/12/2014,1.55584
25/12/2014,0.16114,25/12/2014,0.0083268,25/12/2014,1.22252,25/12/2014,1.55594
26/12/2014,0.160576,26/12/2014,0.0083076,26/12/2014,1.2183,26/12/2014,1.5558
29/12/2014,0.160759,29/12/2014,0.0082896,29/12/2014,1.21522,29/12/2014,1.5517
30/12/2014,0.161238,30/12/2014,0.00837,30/12/2014,1.21564,30/12/2014,1.55622
31/12/2014,0.161132,31/12/2014,0.0083552,31/12/2014,1.20985,31/12/2014,1.5577
1/1/2015,0.161088,1/1/2015,0.0083494,1/1/2015,1.2104,1/1/2015,1.55856
2/1/2015,0.161121,2/1/2015,0.0083004,2/1/2015,1.20025,2/1/2015,1.53276
5/1/2015,0.16072,5/1/2015,0.0083588,5/1/2015,1.1933,5/1/2015,1.52498
6/1/2015,0.160878,6/1/2015,0.0084476,6/1/2015,1.18895,6/1/2015,1.51514
7/1/2015,0.160987,7/1/2015,0.008386,7/1/2015,1.18394,7/1/2015,1.51104
8/1/2015,0.160994,8/1/2015,0.0083573,8/1/2015,1.17928,8/1/2015,1.50898
9/1/2015,0.161007,9/1/2015,0.0084358,9/1/2015,1.18415,9/1/2015,1.51604
12/1/2015,0.161176,12/1/2015,0.0084488,12/1/2015,1.18339,12/1/2015,1.51714
13/1/2015,0.161423,13/1/2015,0.0084797,13/1/2015,1.17727,13/1/2015,1.51601
14/1/2015,0.161418,14/1/2015,0.0085223,14/1/2015,1.17894,14/1/2015,1.52341
15/1/2015,0.161674,15/1/2015,0.008606,15/1/2015,1.16325,15/1/2015,1.5183
16/1/2015,0.161142,16/1/2015,0.0085025,16/1/2015,1.15675,16/1/2015,1.515
19/1/2015,0.160755,19/1/2015,0.0085064,19/1/2015,1.1606,19/1/2015,1.51125
20/1/2015,0.160854,20/1/2015,0.0084183,20/1/2015,1.15503,20/1/2015,1.51448
21/1/2015,0.161077,21/1/2015,0.0084776,21/1/2015,1.16105,21/1/2015,1.51424
22/1/2015,0.161176,22/1/2015,0.0084404,22/1/2015,1.13657,22/1/2015,1.50104
23/1/2015,0.16047,23/1/2015,0.0084903,23/1/2015,1.12038,23/1/2015,1.49889
26/1/2015,0.159936,26/1/2015,0.0084419,26/1/2015,1.12385,26/1/2015,1.50777
27/1/2015,0.160249,27/1/2015,0.008484,27/1/2015,1.1381,27/1/2015,1.5197
28/1/2015,0.1601,28/1/2015,0.0085075,28/1/2015,1.12875,28/1/2015,1.51389
29/1/2015,0.160028,29/1/2015,0.0084542,29/1/2015,1.132,29/1/2015,1.50672
30/1/2015,0.15989,30/1/2015,0.0085078,30/1/2015,1.12905,30/1/2015,1.506
2/2/2015,0.159778,2/2/2015,0.0085014,2/2/2015,1.13413,2/2/2015,1.5039
3/2/2015,0.159737,3/2/2015,0.0085067,3/2/2015,1.14806,3/2/2015,1.51661
4/2/2015,0.160056,4/2/2015,0.0085275,4/2/2015,1.13452,4/2/2015,1.51818
5/2/2015,0.159959,5/2/2015,0.0085086,5/2/2015,1.14772,5/2/2015,1.53283
6/2/2015,0.160136,6/2/2015,0.0083958,6/2/2015,1.13155,6/2/2015,1.52428
9/2/2015,0.15999,9/2/2015,0.0084294,9/2/2015,1.13247,9/2/2015,1.52154
10/2/2015,0.160254,10/2/2015,0.0083732,10/2/2015,1.1321,10/2/2015,1.52543
11/2/2015,0.160174,11/2/2015,0.0083014,11/2/2015,1.13355,11/2/2015,1.52385
12/2/2015,0.1601,12/2/2015,0.0083987,12/2/2015,1.14033,12/2/2015,1.53837
13/2/2015,0.160138,13/2/2015,0.0084166,13/2/2015,1.13939,13/2/2015,1.53951
16/2/2015,0.16002,16/2/2015,0.0084404,16/2/2015,1.13546,16/2/2015,1.5363
17/2/2015,0.159752,17/2/2015,0.0083846,17/2/2015,1.14112,17/2/2015,1.53537
18/2/2015,0.159839,18/2/2015,0.0084181,18/2/2015,1.13972,18/2/2015,1.54359
19/2/2015,0.159877,19/2/2015,0.0084073,19/2/2015,1.13681,19/2/2015,1.54145
20/2/2015,0.159885,20/2/2015,0.008403,20/2/2015,1.13808,20/2/2015,1.53986
23/2/2015,0.159824,23/2/2015,0.0084167,23/2/2015,1.13345,23/2/2015,1.54566
24/2/2015,0.159872,24/2/2015,0.0084049,24/2/2015,1.13402,24/2/2015,1.54541
25/2/2015,0.15975,25/2/2015,0.0084128,25/2/2015,1.13609,25/2/2015,1.55281
26/2/2015,0.15979,26/2/2015,0.0083741,26/2/2015,1.11979,26/2/2015,1.54065
27/2/2015,0.159579,27/2/2015,0.0083603,27/2/2015,1.1196,27/2/2015,1.5438
2/3/2015,0.159403,2/3/2015,0.0083243,2/3/2015,1.11838,2/3/2015,1.5366
3/3/2015,0.159312,3/3/2015,0.0083522,3/3/2015,1.11763,3/3/2015,1.53605
4/3/2015,0.159541,4/3/2015,0.0083548,4/3/2015,1.10784,4/3/2015,1.52651
5/3/2015,0.159676,5/3/2015,0.0083245,5/3/2015,1.103,5/3/2015,1.524
6/3/2015,0.159632,6/3/2015,0.0082766,6/3/2015,1.08435,6/3/2015,1.50373
9/3/2015,0.159716,9/3/2015,0.0082544,9/3/2015,1.08518,9/3/2015,1.51283
10/3/2015,0.159739,10/3/2015,0.0082554,10/3/2015,1.0698,10/3/2015,1.507
11/3/2015,0.159699,11/3/2015,0.0082333,11/3/2015,1.0547,11/3/2015,1.493
12/3/2015,0.159625,12/3/2015,0.0082451,12/3/2015,1.06349,12/3/2015,1.48828
13/3/2015,0.159765,13/3/2015,0.0082378,13/3/2015,1.0496,13/3/2015,1.47442
16/3/2015,0.159693,16/3/2015,0.0082415,16/3/2015,1.05678,16/3/2015,1.48285
17/3/2015,0.160003,17/3/2015,0.0082392,17/3/2015,1.05974,17/3/2015,1.47488
18/3/2015,0.160521,18/3/2015,0.0083248,18/3/2015,1.0864,18/3/2015,1.49785
19/3/2015,0.161436,19/3/2015,0.00828,19/3/2015,1.06598,19/3/2015,1.47528
20/3/2015,0.161171,20/3/2015,0.0083294,20/3/2015,1.0821,20/3/2015,1.49494
23/3/2015,0.160896,23/3/2015,0.0083526,23/3/2015,1.09455,23/3/2015,1.49525
24/3/2015,0.161108,24/3/2015,0.0083504,24/3/2015,1.09243,24/3/2015,1.48509
25/3/2015,0.160924,25/3/2015,0.0083688,25/3/2015,1.09698,25/3/2015,1.48804
26/3/2015,0.161054,26/3/2015,0.0083901,26/3/2015,1.08841,26/3/2015,1.48493
27/3/2015,0.160858,27/3/2015,0.0083943,27/3/2015,1.08888,27/3/2015,1.48788
30/3/2015,0.161105,30/3/2015,0.008328,30/3/2015,1.08334,30/3/2015,1.481
31/3/2015,0.161288,31/3/2015,0.0083239,31/3/2015,1.07315,31/3/2015,1.48175
1/4/2015,0.161413,1/4/2015,0.0083499,1/4/2015,1.07629,1/4/2015,1.48233
2/4/2015,0.161277,2/4/2015,0.0083526,2/4/2015,1.08799,2/4/2015,1.48285
3/4/2015,0.162694,3/4/2015,0.0084051,3/4/2015,1.09692,3/4/2015,1.49195
6/4/2015,0.162957,6/4/2015,0.0083653,6/4/2015,1.09219,6/4/2015,1.488
7/4/2015,0.161394,7/4/2015,0.0083148,7/4/2015,1.08143,7/4/2015,1.48081
8/4/2015,0.161218,8/4/2015,0.0083242,8/4/2015,1.07805,8/4/2015,1.48664
9/4/2015,0.161244,9/4/2015,0.0082936,9/4/2015,1.06595,9/4/2015,1.4713
10/4/2015,0.161059,10/4/2015,0.0083195,10/4/2015,1.06043,10/4/2015,1.46315
13/4/2015,0.160842,13/4/2015,0.0083247,13/4/2015,1.0567,13/4/2015,1.46755
14/4/2015,0.160989,14/4/2015,0.0083754,14/4/2015,1.06547,14/4/2015,1.47815
15/4/2015,0.161179,15/4/2015,0.0083936,15/4/2015,1.0684,15/4/2015,1.4842
16/4/2015,0.161314,16/4/2015,0.0084036,16/4/2015,1.07613,16/4/2015,1.4934
17/4/2015,0.161376,17/4/2015,0.0084083,17/4/2015,1.0806,17/4/2015,1.49621
20/4/2015,0.161306,20/4/2015,0.0083898,20/4/2015,1.07376,20/4/2015,1.49068
21/4/2015,0.161257,21/4/2015,0.0083564,21/4/2015,1.07357,21/4/2015,1.4926
22/4/2015,0.161431,22/4/2015,0.0083396,22/4/2015,1.07253,22/4/2015,1.50368
23/4/2015,0.16134,23/4/2015,0.0083625,23/4/2015,1.08241,23/4/2015,1.50573
24/4/2015,0.16146,24/4/2015,0.0084054,24/4/2015,1.08735,24/4/2015,1.51881
27/4/2015,0.160847,27/4/2015,0.0084004,27/4/2015,1.08912,27/4/2015,1.5238
28/4/2015,0.161205,28/4/2015,0.0084127,28/4/2015,1.09812,28/4/2015,1.53393
29/4/2015,0.161376,29/4/2015,0.0084018,29/4/2015,1.11285,29/4/2015,1.54377
30/4/2015,0.16127,30/4/2015,0.0083769,30/4/2015,1.12239,30/4/2015,1.53513
1/5/2015,0.160942,1/5/2015,0.0083199,1/5/2015,1.11985,1/5/2015,1.51478
4/5/2015,0.161051,4/5/2015,0.0083242,4/5/2015,1.11465,4/5/2015,1.51203
5/5/2015,0.161093,5/5/2015,0.0083429,5/5/2015,1.11854,5/5/2015,1.51819
6/5/2015,0.161257,6/5/2015,0.0083706,6/5/2015,1.13468,6/5/2015,1.52458
7/5/2015,0.161137,7/5/2015,0.0083513,7/5/2015,1.12666,7/5/2015,1.52455
8/5/2015,0.161129,8/5/2015,0.0083479,8/5/2015,1.11993,8/5/2015,1.54546
11/5/2015,0.161075,11/5/2015,0.0083275,11/5/2015,1.11551,11/5/2015,1.55857
12/5/2015,0.161064,12/5/2015,0.0083426,12/5/2015,1.12131,12/5/2015,1.56711
13/5/2015,0.161236,13/5/2015,0.0083926,13/5/2015,1.13543,13/5/2015,1.57445
14/5/2015,0.161251,14/5/2015,0.0083907,14/5/2015,1.14099,14/5/2015,1.57758
15/5/2015,0.161147,15/5/2015,0.0083824,15/5/2015,1.1451,15/5/2015,1.57273
18/5/2015,0.161172,18/5/2015,0.0083347,18/5/2015,1.13153,18/5/2015,1.56525
19/5/2015,0.161134,19/5/2015,0.0082858,19/5/2015,1.11497,19/5/2015,1.55129
20/5/2015,0.161251,20/5/2015,0.0082402,20/5/2015,1.10935,20/5/2015,1.55365
21/5/2015,0.16135,21/5/2015,0.0082627,21/5/2015,1.11123,21/5/2015,1.56621
22/5/2015,0.161358,22/5/2015,0.0082273,22/5/2015,1.10127,22/5/2015,1.549
25/5/2015,0.161236,25/5/2015,0.0082264,25/5/2015,1.09775,25/5/2015,1.54703
26/5/2015,0.161184,26/5/2015,0.0081223,26/5/2015,1.08731,26/5/2015,1.5385
27/5/2015,0.161311,27/5/2015,0.0080863,27/5/2015,1.09041,27/5/2015,1.53544
28/5/2015,0.161194,28/5/2015,0.0080674,28/5/2015,1.09485,28/5/2015,1.5316
29/5/2015,0.161335,29/5/2015,0.008055,29/5/2015,1.09863,29/5/2015,1.5291
1/6/2015,0.161272,1/6/2015,0.0080135,1/6/2015,1.09274,1/6/2015,1.5201
2/6/2015,0.16135,2/6/2015,0.0080574,2/6/2015,1.11511,2/6/2015,1.53435
3/6/2015,0.161332,3/6/2015,0.0080498,3/6/2015,1.12746,3/6/2015,1.53406
4/6/2015,0.161246,4/6/2015,0.0080409,4/6/2015,1.1238,4/6/2015,1.53645
5/6/2015,0.161249,5/6/2015,0.0079606,5/6/2015,1.11138,5/6/2015,1.527
8/6/2015,0.161155,8/6/2015,0.0080326,8/6/2015,1.12913,8/6/2015,1.53492
9/6/2015,0.161166,9/6/2015,0.0080418,9/6/2015,1.12826,9/6/2015,1.53853
10/6/2015,0.161116,10/6/2015,0.0081512,10/6/2015,1.13243,10/6/2015,1.55302
11/6/2015,0.161077,11/6/2015,0.0081022,11/6/2015,1.12578,11/6/2015,1.5517
12/6/2015,0.161114,12/6/2015,0.0081044,12/6/2015,1.1266,12/6/2015,1.5561
15/6/2015,0.161067,15/6/2015,0.0081037,15/6/2015,1.12835,15/6/2015,1.5601
16/6/2015,0.161049,16/6/2015,0.0081063,16/6/2015,1.12477,16/6/2015,1.56485
17/6/2015,0.161041,17/6/2015,0.0081019,17/6/2015,1.13375,17/6/2015,1.58326
18/6/2015,0.161057,18/6/2015,0.0081328,18/6/2015,1.13593,18/6/2015,1.58803
19/6/2015,0.161028,19/6/2015,0.0081516,19/6/2015,1.13522,19/6/2015,1.58826
22/6/2015,0.161018,22/6/2015,0.0081056,22/6/2015,1.13407,22/6/2015,1.58242
23/6/2015,0.16109,23/6/2015,0.0080684,23/6/2015,1.11672,23/6/2015,1.57295
24/6/2015,0.161137,24/6/2015,0.0080743,24/6/2015,1.12052,24/6/2015,1.5706
25/6/2015,0.161057,25/6/2015,0.0080888,25/6/2015,1.12048,25/6/2015,1.57467
26/6/2015,0.161054,26/6/2015,0.0080737,26/6/2015,1.11674,26/6/2015,1.5746
29/6/2015,0.161067,29/6/2015,0.0081602,29/6/2015,1.12359,29/6/2015,1.57375
30/6/2015,0.16108,30/6/2015,0.0081633,30/6/2015,1.1147,30/6/2015,1.5712
1/7/2015,0.161277,1/7/2015,0.0081186,1/7/2015,1.10533,1/7/2015,1.56175
2/7/2015,0.161202,2/7/2015,0.0081258,2/7/2015,1.10844,2/7/2015,1.56092
3/7/2015,0.161166,3/7/2015,0.0081414,3/7/2015,1.11141,3/7/2015,1.55704
6/7/2015,0.161067,6/7/2015,0.0081588,6/7/2015,1.10561,6/7/2015,1.5605
7/7/2015,0.161301,7/7/2015,0.0081611,7/7/2015,1.10114,7/7/2015,1.54615
8/7/2015,0.161064,8/7/2015,0.0082847,8/7/2015,1.10765,8/7/2015,1.5361
9/7/2015,0.160981,9/7/2015,0.0082416,9/7/2015,1.10364,9/7/2015,1.53803
10/7/2015,0.160992,10/7/2015,0.0081435,10/7/2015,1.11616,10/7/2015,1.5517
13/7/2015,0.161101,13/7/2015,0.0081013,13/7/2015,1.10023,13/7/2015,1.54868
14/7/2015,0.161046,14/7/2015,0.0081049,14/7/2015,1.1009,14/7/2015,1.56361
15/7/2015,0.16106,15/7/2015,0.0080779,15/7/2015,1.09495,15/7/2015,1.56394
16/7/2015,0.160989,16/7/2015,0.008055,16/7/2015,1.08751,16/7/2015,1.5609
17/7/2015,0.161005,17/7/2015,0.0080606,17/7/2015,1.08295,17/7/2015,1.56003
20/7/2015,0.160997,20/7/2015,0.0080469,20/7/2015,1.08252,20/7/2015,1.5564
21/7/2015,0.160999,21/7/2015,0.0080712,21/7/2015,1.09351,21/7/2015,1.55569
22/7/2015,0.161082,22/7/2015,0.0080667,22/7/2015,1.09289,22/7/2015,1.56129
23/7/2015,0.160942,23/7/2015,0.0080706,23/7/2015,1.09845,23/7/2015,1.55135
24/7/2015,0.16107,24/7/2015,0.0080767,24/7/2015,1.0984,24/7/2015,1.55081
27/7/2015,0.161059,27/7/2015,0.0081137,27/7/2015,1.10878,27/7/2015,1.5559
28/7/2015,0.161059,28/7/2015,0.0080935,28/7/2015,1.10599,28/7/2015,1.56125
29/7/2015,0.161298,29/7/2015,0.0080679,29/7/2015,1.09836,29/7/2015,1.56019
30/7/2015,0.161041,30/7/2015,0.0080552,30/7/2015,1.09324,30/7/2015,1.56019
31/7/2015,0.16109,31/7/2015,0.0080733,31/7/2015,1.0984,31/7/2015,1.56224
3/8/2015,0.161046,3/8/2015,0.0080622,3/8/2015,1.09501,3/8/2015,1.55865
4/8/2015,0.160971,4/8/2015,0.00804,4/8/2015,1.08813,4/8/2015,1.55635
5/8/2015,0.161002,5/8/2015,0.0080084,5/8/2015,1.09059,5/8/2015,1.56029
6/8/2015,0.161029,6/8/2015,0.008017,6/8/2015,1.0925,6/8/2015,1.55121
7/8/2015,0.161059,7/8/2015,0.0080495,7/8/2015,1.09665,7/8/2015,1.5491
10/8/2015,0.16102,10/8/2015,0.0080239,10/8/2015,1.1019,10/8/2015,1.55923
11/8/2015,0.15809,11/8/2015,0.0079928,11/8/2015,1.10421,11/8/2015,1.55721
12/8/2015,0.15659,12/8/2015,0.0080508,12/8/2015,1.11589,12/8/2015,1.56125
13/8/2015,0.156262,13/8/2015,0.008037,13/8/2015,1.11497,13/8/2015,1.56109
14/8/2015,0.156477,14/8/2015,0.0080436,14/8/2015,1.11093,14/8/2015,1.56415
17/8/2015,0.156345,17/8/2015,0.0080393,17/8/2015,1.10777,17/8/2015,1.55863
18/8/2015,0.156402,18/8/2015,0.0080384,18/8/2015,1.10237,18/8/2015,1.56608
19/8/2015,0.156306,19/8/2015,0.0080775,19/8/2015,1.11201,19/8/2015,1.56799
20/8/2015,0.156544,20/8/2015,0.0081029,20/8/2015,1.12415,20/8/2015,1.56896
21/8/2015,0.156568,21/8/2015,0.008193,21/8/2015,1.1386,21/8/2015,1.56945
24/8/2015,0.156152,24/8/2015,0.0084445,24/8/2015,1.16194,24/8/2015,1.57756
25/8/2015,0.155945,25/8/2015,0.0084121,25/8/2015,1.1517,25/8/2015,1.56874
26/8/2015,0.155967,26/8/2015,0.0083378,26/8/2015,1.13142,26/8/2015,1.54632
27/8/2015,0.156157,27/8/2015,0.0082624,27/8/2015,1.1246,27/8/2015,1.54027
28/8/2015,0.156563,28/8/2015,0.0082162,28/8/2015,1.11852,28/8/2015,1.5391
31/8/2015,0.156841,31/8/2015,0.008249,31/8/2015,1.12109,31/8/2015,1.53447
1/9/2015,0.157134,1/9/2015,0.0083774,1/9/2015,1.13146,1/9/2015,1.5304
2/9/2015,0.157339,2/9/2015,0.0083103,2/9/2015,1.12271,2/9/2015,1.52989
3/9/2015,0.157334,3/9/2015,0.0083291,3/9/2015,1.11235,3/9/2015,1.52575
4/9/2015,0.156983,4/9/2015,0.0084014,4/9/2015,1.11491,4/9/2015,1.517
7/9/2015,0.157015,7/9/2015,0.008384,7/9/2015,1.11701,7/9/2015,1.52765
8/9/2015,0.157052,8/9/2015,0.0083461,8/9/2015,1.12026,8/9/2015,1.53959
9/9/2015,0.156804,9/9/2015,0.0082966,9/9/2015,1.1207,9/9/2015,1.5368
10/9/2015,0.156563,10/9/2015,0.0082902,10/9/2015,1.12799,10/9/2015,1.54449
11/9/2015,0.15688,11/9/2015,0.008293,11/9/2015,1.13376,11/9/2015,1.54291
14/9/2015,0.157018,14/9/2015,0.0083172,14/9/2015,1.13167,14/9/2015,1.5427
15/9/2015,0.157008,15/9/2015,0.0083042,15/9/2015,1.12694,15/9/2015,1.53436
16/9/2015,0.156949,16/9/2015,0.0082943,16/9/2015,1.12902,16/9/2015,1.54925
17/9/2015,0.157089,17/9/2015,0.0083331,17/9/2015,1.14351,17/9/2015,1.55905
18/9/2015,0.157136,18/9/2015,0.0083353,18/9/2015,1.1298,18/9/2015,1.5536
21/9/2015,0.156959,21/9/2015,0.0082947,21/9/2015,1.11896,21/9/2015,1.55073
22/9/2015,0.156887,22/9/2015,0.008323,22/9/2015,1.11202,22/9/2015,1.53655
23/9/2015,0.156649,23/9/2015,0.0083143,23/9/2015,1.11859,23/9/2015,1.5245
24/9/2015,0.15673,24/9/2015,0.0083277,24/9/2015,1.12297,24/9/2015,1.52421
25/9/2015,0.156853,25/9/2015,0.0082926,25/9/2015,1.11946,25/9/2015,1.518
28/9/2015,0.157087,28/9/2015,0.0083388,28/9/2015,1.12444,28/9/2015,1.51738
29/9/2015,0.157183,29/9/2015,0.0083515,29/9/2015,1.12488,29/9/2015,1.51506
30/9/2015,0.157316,30/9/2015,0.0083417,30/9/2015,1.11765,30/9/2015,1.51283
1/10/2015,0.157327,1/10/2015,0.0083383,1/10/2015,1.11951,1/10/2015,1.51305
2/10/2015,0.157292,2/10/2015,0.0083392,2/10/2015,1.12161,2/10/2015,1.51845
5/10/2015,0.157369,5/10/2015,0.0083015,5/10/2015,1.11881,5/10/2015,1.51457
6/10/2015,0.157282,6/10/2015,0.0083177,6/10/2015,1.1272,6/10/2015,1.52266
7/10/2015,0.157324,7/10/2015,0.0083324,7/10/2015,1.12374,7/10/2015,1.53185
8/10/2015,0.157411,8/10/2015,0.0083379,8/10/2015,1.1276,8/10/2015,1.53475
9/10/2015,0.157612,9/10/2015,0.0083164,9/10/2015,1.13583,9/10/2015,1.53218
12/10/2015,0.158163,12/10/2015,0.008331,12/10/2015,1.13584,12/10/2015,1.53479
13/10/2015,0.157659,13/10/2015,0.0083513,13/10/2015,1.13791,13/10/2015,1.52482
14/10/2015,0.157552,14/10/2015,0.0084153,14/10/2015,1.14738,14/10/2015,1.54775
15/10/2015,0.157567,15/10/2015,0.0084111,15/10/2015,1.13865,15/10/2015,1.54594
16/10/2015,0.157408,16/10/2015,0.008371,16/10/2015,1.13478,16/10/2015,1.54381
19/10/2015,0.157255,19/10/2015,0.0083679,19/10/2015,1.13271,19/10/2015,1.5465
20/10/2015,0.157535,20/10/2015,0.0083444,20/10/2015,1.13457,20/10/2015,1.54441
21/10/2015,0.157483,21/10/2015,0.0083384,21/10/2015,1.1339,21/10/2015,1.54174
22/10/2015,0.157327,22/10/2015,0.0082855,22/10/2015,1.11085,22/10/2015,1.5394
23/10/2015,0.157391,23/10/2015,0.0082331,23/10/2015,1.10178,23/10/2015,1.5314
26/10/2015,0.157351,26/10/2015,0.0082579,26/10/2015,1.1058,26/10/2015,1.53524
27/10/2015,0.157399,27/10/2015,0.0083016,27/10/2015,1.10505,27/10/2015,1.53
28/10/2015,0.157198,28/10/2015,0.0082582,28/10/2015,1.09232,28/10/2015,1.52626
29/10/2015,0.157369,29/10/2015,0.0082562,29/10/2015,1.09773,29/10/2015,1.53103
30/10/2015,0.158326,30/10/2015,0.0082907,30/10/2015,1.1006,30/10/2015,1.54281
2/11/2015,0.157846,2/11/2015,0.0082809,2/11/2015,1.10157,2/11/2015,1.54171
3/11/2015,0.157791,3/11/2015,0.0082598,3/11/2015,1.09644,3/11/2015,1.54212
4/11/2015,0.157841,4/11/2015,0.0082268,4/11/2015,1.08657,4/11/2015,1.53858
5/11/2015,0.157604,5/11/2015,0.0082135,5/11/2015,1.08837,5/11/2015,1.5208
6/11/2015,0.157463,6/11/2015,0.0081214,6/11/2015,1.07405,6/11/2015,1.50531
9/11/2015,0.157146,9/11/2015,0.0081186,9/11/2015,1.07515,9/11/2015,1.51151
10/11/2015,0.157168,10/11/2015,0.0081201,10/11/2015,1.07245,10/11/2015,1.51188
11/11/2015,0.157013,11/11/2015,0.0081394,11/11/2015,1.07432,11/11/2015,1.52129
12/11/2015,0.157013,12/11/2015,0.0081557,12/11/2015,1.08138,12/11/2015,1.52331
13/11/2015,0.156892,13/11/2015,0.0081556,13/11/2015,1.07725,13/11/2015,1.5237
16/11/2015,0.156954,16/11/2015,0.0081185,16/11/2015,1.06864,16/11/2015,1.52027
17/11/2015,0.156752,17/11/2015,0.0081006,17/11/2015,1.06423,17/11/2015,1.52129
18/11/2015,0.156617,18/11/2015,0.0080878,18/11/2015,1.06595,18/11/2015,1.52367
19/11/2015,0.156688,19/11/2015,0.0081389,19/11/2015,1.07343,19/11/2015,1.52914
20/11/2015,0.156531,20/11/2015,0.0081445,20/11/2015,1.0646,20/11/2015,1.51906
23/11/2015,0.156588,23/11/2015,0.0081411,23/11/2015,1.06365,23/11/2015,1.51243
24/11/2015,0.156517,24/11/2015,0.0081609,24/11/2015,1.06432,24/11/2015,1.50835
25/11/2015,0.156556,25/11/2015,0.0081496,25/11/2015,1.06245,25/11/2015,1.51293
26/11/2015,0.156507,26/11/2015,0.0081583,26/11/2015,1.06105,26/11/2015,1.51019
27/11/2015,0.156338,27/11/2015,0.0081447,27/11/2015,1.05929,27/11/2015,1.50355
30/11/2015,0.156321,30/11/2015,0.0081226,30/11/2015,1.05648,30/11/2015,1.5056
1/12/2015,0.156367,1/12/2015,0.008138,1/12/2015,1.06326,1/12/2015,1.50816
2/12/2015,0.156321,2/12/2015,0.0081141,2/12/2015,1.06146,2/12/2015,1.49515
3/12/2015,0.156566,3/12/2015,0.0081561,3/12/2015,1.09398,3/12/2015,1.51445
4/12/2015,0.156233,4/12/2015,0.0081233,4/12/2015,1.0881,4/12/2015,1.5112
7/12/2015,0.156028,7/12/2015,0.0081056,7/12/2015,1.08375,7/12/2015,1.50555
8/12/2015,0.155829,8/12/2015,0.0081344,8/12/2015,1.08921,8/12/2015,1.50085
9/12/2015,0.155543,9/12/2015,0.0082344,9/12/2015,1.1025,9/12/2015,1.5181
10/12/2015,0.155299,10/12/2015,0.0082257,10/12/2015,1.09411,10/12/2015,1.51605
11/12/2015,0.154899,11/12/2015,0.0082635,11/12/2015,1.09861,11/12/2015,1.52135
14/12/2015,0.154873,14/12/2015,0.0082629,14/12/2015,1.09921,14/12/2015,1.51423
15/12/2015,0.154555,15/12/2015,0.0082188,15/12/2015,1.09305,15/12/2015,1.50385
16/12/2015,0.154443,16/12/2015,0.0081829,16/12/2015,1.09121,16/12/2015,1.50035
17/12/2015,0.154193,17/12/2015,0.0081595,17/12/2015,1.08261,17/12/2015,1.49012
18/12/2015,0.154257,18/12/2015,0.0082538,18/12/2015,1.08677,18/12/2015,1.48949
21/12/2015,0.154311,21/12/2015,0.0082513,21/12/2015,1.09147,21/12/2015,1.48853
22/12/2015,0.154414,22/12/2015,0.0082599,22/12/2015,1.09566,22/12/2015,1.48278
23/12/2015,0.154352,23/12/2015,0.0082699,23/12/2015,1.09117,23/12/2015,1.48706
24/12/2015,0.154332,24/12/2015,0.008303,24/12/2015,1.09635,24/12/2015,1.49095
25/12/2015,0.154734,25/12/2015,0.0083142,25/12/2015,1.09595,25/12/2015,1.49129
28/12/2015,0.154119,28/12/2015,0.0083056,28/12/2015,1.09678,28/12/2015,1.48795
29/12/2015,0.154209,29/12/2015,0.0083016,29/12/2015,1.09199,29/12/2015,1.48175
30/12/2015,0.154076,30/12/2015,0.0082965,30/12/2015,1.09325,30/12/2015,1.4816
31/12/2015,0.154,31/12/2015,0.0083159,31/12/2015,1.08625,31/12/2015,1.4736
1/1/2016,0.15401,1/1/2016,0.0083108,1/1/2016,1.08565,1/1/2016,1.47459
4/1/2016,0.152957,4/1/2016,0.0083719,4/1/2016,1.08313,4/1/2016,1.4716
5/1/2016,0.153229,5/1/2016,0.0083995,5/1/2016,1.0748,5/1/2016,1.46753
6/1/2016,0.152463,6/1/2016,0.0084402,6/1/2016,1.07812,6/1/2016,1.46302
7/1/2016,0.15166,7/1/2016,0.0084982,7/1/2016,1.0932,7/1/2016,1.46175
8/1/2016,0.151667,8/1/2016,0.0085285,8/1/2016,1.09224,8/1/2016,1.45165
11/1/2016,0.152284,11/1/2016,0.0084921,11/1/2016,1.08593,11/1/2016,1.4543
12/1/2016,0.152169,12/1/2016,0.0085,12/1/2016,1.08578,12/1/2016,1.4448
13/1/2016,0.152052,13/1/2016,0.0084981,13/1/2016,1.08771,13/1/2016,1.44067
14/1/2016,0.151715,14/1/2016,0.0084706,14/1/2016,1.08652,14/1/2016,1.44128
15/1/2016,0.15189,15/1/2016,0.0085462,15/1/2016,1.09155,15/1/2016,1.42577
18/1/2016,0.152024,18/1/2016,0.0085214,18/1/2016,1.08922,18/1/2016,1.42434
19/1/2016,0.151941,19/1/2016,0.0085006,19/1/2016,1.09075,19/1/2016,1.41577
20/1/2016,0.151883,20/1/2016,0.0085508,20/1/2016,1.08902,20/1/2016,1.41916
21/1/2016,0.151948,21/1/2016,0.0084955,21/1/2016,1.08744,21/1/2016,1.42213
22/1/2016,0.15201,22/1/2016,0.0084186,22/1/2016,1.07965,22/1/2016,1.4265
25/1/2016,0.151941,25/1/2016,0.0084534,25/1/2016,1.08495,25/1/2016,1.42485
26/1/2016,0.151985,26/1/2016,0.0084446,26/1/2016,1.08704,26/1/2016,1.43501
27/1/2016,0.152022,27/1/2016,0.008426,27/1/2016,1.08932,27/1/2016,1.42335
28/1/2016,0.152084,28/1/2016,0.008416,28/1/2016,1.09398,28/1/2016,1.43615
29/1/2016,0.152091,29/1/2016,0.0082556,29/1/2016,1.08305,29/1/2016,1.42441
1/2/2016,0.152013,1/2/2016,0.0082648,1/2/2016,1.08882,1/2/2016,1.44334
2/2/2016,0.151856,2/2/2016,0.0083356,2/2/2016,1.09193,2/2/2016,1.44104
3/2/2016,0.152045,3/2/2016,0.0084826,3/2/2016,1.11045,3/2/2016,1.46034
4/2/2016,0.152297,4/2/2016,0.0085633,4/2/2016,1.12085,4/2/2016,1.45894
5/2/2016,0.152133,5/2/2016,0.0085587,5/2/2016,1.11585,5/2/2016,1.45025
8/2/2016,0.15211,8/2/2016,0.0086322,8/2/2016,1.11931,8/2/2016,1.44325
9/2/2016,0.152107,9/2/2016,0.008687,9/2/2016,1.12933,9/2/2016,1.44725
10/2/2016,0.152101,10/2/2016,0.0088222,10/2/2016,1.1292,10/2/2016,1.45223
11/2/2016,0.152073,11/2/2016,0.0088963,11/2/2016,1.13235,11/2/2016,1.44774
12/2/2016,0.152131,12/2/2016,0.0088312,12/2/2016,1.12556,12/2/2016,1.45025
15/2/2016,0.153858,15/2/2016,0.0087262,15/2/2016,1.11555,15/2/2016,1.4435
16/2/2016,0.153428,16/2/2016,0.0087659,16/2/2016,1.1144,16/2/2016,1.43056
17/2/2016,0.153276,17/2/2016,0.0087651,17/2/2016,1.11278,17/2/2016,1.42936
18/2/2016,0.153475,18/2/2016,0.0088288,18/2/2016,1.11067,18/2/2016,1.4337
19/2/2016,0.153353,19/2/2016,0.0088794,19/2/2016,1.11296,19/2/2016,1.44058
22/2/2016,0.15329,22/2/2016,0.0088561,22/2/2016,1.10295,22/2/2016,1.41502
23/2/2016,0.153222,23/2/2016,0.0089203,23/2/2016,1.10196,23/2/2016,1.40223
24/2/2016,0.15317,24/2/2016,0.0089145,24/2/2016,1.10135,24/2/2016,1.3927
25/2/2016,0.152964,25/2/2016,0.0088509,25/2/2016,1.10181,25/2/2016,1.39619
26/2/2016,0.152847,26/2/2016,0.0087728,26/2/2016,1.0934,26/2/2016,1.38709
29/2/2016,0.152579,29/2/2016,0.008874,29/2/2016,1.08727,29/2/2016,1.39166
1/3/2016,0.152623,1/3/2016,0.008772,1/3/2016,1.08677,1/3/2016,1.39523
2/3/2016,0.152648,2/3/2016,0.0088126,2/3/2016,1.08682,2/3/2016,1.40783
3/3/2016,0.153066,3/3/2016,0.0087954,3/3/2016,1.0957,3/3/2016,1.41781
4/3/2016,0.153782,4/3/2016,0.0087901,4/3/2016,1.1005,4/3/2016,1.42291
7/3/2016,0.153532,7/3/2016,0.0088145,7/3/2016,1.10138,7/3/2016,1.42654
8/3/2016,0.153756,8/3/2016,0.0088791,8/3/2016,1.10109,8/3/2016,1.42154
9/3/2016,0.153539,9/3/2016,0.0088238,9/3/2016,1.09994,9/3/2016,1.42165
10/3/2016,0.153643,10/3/2016,0.008833,10/3/2016,1.11775,10/3/2016,1.42805
11/3/2016,0.153969,11/3/2016,0.008785,11/3/2016,1.11562,11/3/2016,1.43822
14/3/2016,0.153846,14/3/2016,0.0087862,14/3/2016,1.1103,14/3/2016,1.4302
15/3/2016,0.153524,15/3/2016,0.0088358,15/3/2016,1.11088,15/3/2016,1.41513
16/3/2016,0.153327,16/3/2016,0.0088835,16/3/2016,1.12245,16/3/2016,1.42592
17/3/2016,0.15444,17/3/2016,0.0089763,17/3/2016,1.13183,17/3/2016,1.44815
18/3/2016,0.154521,18/3/2016,0.0089648,18/3/2016,1.12698,18/3/2016,1.4476
21/3/2016,0.154189,21/3/2016,0.0089326,21/3/2016,1.12411,21/3/2016,1.43689
22/3/2016,0.154059,22/3/2016,0.0089001,22/3/2016,1.12171,22/3/2016,1.42076
23/3/2016,0.153683,23/3/2016,0.0088984,23/3/2016,1.11811,23/3/2016,1.4117
24/3/2016,0.153473,24/3/2016,0.0088572,24/3/2016,1.11745,24/3/2016,1.4153
25/3/2016,0.153365,25/3/2016,0.0088427,25/3/2016,1.11675,25/3/2016,1.41324
28/3/2016,0.154102,28/3/2016,0.0088151,28/3/2016,1.11961,28/3/2016,1.42544
29/3/2016,0.153917,29/3/2016,0.0088732,29/3/2016,1.12907,29/3/2016,1.43845
30/3/2016,0.154629,30/3/2016,0.0088938,30/3/2016,1.13378,30/3/2016,1.43785
31/3/2016,0.155057,31/3/2016,0.0088828,31/3/2016,1.13801,31/3/2016,1.43605
1/4/2016,0.154354,1/4/2016,0.0089564,1/4/2016,1.13905,1/4/2016,1.42265
4/4/2016,0.154288,4/4/2016,0.0089824,4/4/2016,1.13905,4/4/2016,1.42635
5/4/2016,0.154381,5/4/2016,0.009063,5/4/2016,1.13844,5/4/2016,1.41606
6/4/2016,0.154414,6/4/2016,0.0091079,6/4/2016,1.13993,6/4/2016,1.41227
7/4/2016,0.154679,7/4/2016,0.0092411,7/4/2016,1.1378,7/4/2016,1.40564
8/4/2016,0.15462,8/4/2016,0.0092538,8/4/2016,1.13985,8/4/2016,1.4128
11/4/2016,0.15484,11/4/2016,0.0092638,11/4/2016,1.1408,11/4/2016,1.42395
12/4/2016,0.154721,12/4/2016,0.0092127,12/4/2016,1.13859,12/4/2016,1.42745
13/4/2016,0.154447,13/4/2016,0.0091465,13/4/2016,1.12742,13/4/2016,1.42045
14/4/2016,0.154269,14/4/2016,0.0091405,14/4/2016,1.1268,14/4/2016,1.4155
15/4/2016,0.154366,15/4/2016,0.0091947,15/4/2016,1.12835,15/4/2016,1.42024
18/4/2016,0.154403,18/4/2016,0.0091894,18/4/2016,1.13134,18/4/2016,1.42781
19/4/2016,0.154816,19/4/2016,0.0091559,19/4/2016,1.13578,19/4/2016,1.43982
20/4/2016,0.154582,20/4/2016,0.0091038,20/4/2016,1.12968,20/4/2016,1.43324
21/4/2016,0.154273,21/4/2016,0.0091352,21/4/2016,1.12875,21/4/2016,1.43229
22/4/2016,0.153687,22/4/2016,0.0089469,22/4/2016,1.12218,22/4/2016,1.44033
25/4/2016,0.154112,25/4/2016,0.0089928,25/4/2016,1.1268,25/4/2016,1.44825
26/4/2016,0.154064,26/4/2016,0.0089842,26/4/2016,1.12975,26/4/2016,1.45816
27/4/2016,0.153858,27/4/2016,0.0089716,27/4/2016,1.1322,27/4/2016,1.4543
28/4/2016,0.154366,28/4/2016,0.0092498,28/4/2016,1.1352,28/4/2016,1.46088
29/4/2016,0.154404,29/4/2016,0.0094044,29/4/2016,1.14508,29/4/2016,1.4612
2/5/2016,0.154462,2/5/2016,0.0093976,2/5/2016,1.15338,2/5/2016,1.4673
3/5/2016,0.154041,3/5/2016,0.0093816,3/5/2016,1.14965,3/5/2016,1.4535
4/5/2016,0.153929,4/5/2016,0.0093443,4/5/2016,1.14872,4/5/2016,1.4496
5/5/2016,0.153567,5/5/2016,0.0093235,5/5/2016,1.14052,5/5/2016,1.44852
6/5/2016,0.153922,6/5/2016,0.0093355,6/5/2016,1.14045,6/5/2016,1.44265
9/5/2016,0.153444,9/5/2016,0.0092313,9/5/2016,1.13832,9/5/2016,1.44074
10/5/2016,0.153443,10/5/2016,0.0091518,10/5/2016,1.13724,10/5/2016,1.44421
11/5/2016,0.154076,11/5/2016,0.0092234,11/5/2016,1.14264,11/5/2016,1.44476
12/5/2016,0.15341,12/5/2016,0.0091735,12/5/2016,1.13766,12/5/2016,1.44505
13/5/2016,0.153095,13/5/2016,0.0092048,13/5/2016,1.1309,13/5/2016,1.43649
16/5/2016,0.1534,16/5/2016,0.0091723,16/5/2016,1.13205,16/5/2016,1.44015
17/5/2016,0.153365,17/5/2016,0.0091622,17/5/2016,1.13134,17/5/2016,1.44631
18/5/2016,0.152891,18/5/2016,0.0090749,18/5/2016,1.12164,18/5/2016,1.4599
19/5/2016,0.152802,19/5/2016,0.0090938,19/5/2016,1.12027,19/5/2016,1.46114
20/5/2016,0.152756,20/5/2016,0.0090792,20/5/2016,1.12235,20/5/2016,1.45025
23/5/2016,0.152574,23/5/2016,0.0091547,23/5/2016,1.12203,23/5/2016,1.4484
24/5/2016,0.152511,24/5/2016,0.0090916,24/5/2016,1.1141,24/5/2016,1.46355
25/5/2016,0.152576,25/5/2016,0.0090749,25/5/2016,1.11548,25/5/2016,1.46965
26/5/2016,0.152488,26/5/2016,0.0091102,26/5/2016,1.11939,26/5/2016,1.46703
27/5/2016,0.152369,27/5/2016,0.0090657,27/5/2016,1.11145,27/5/2016,1.46232
30/5/2016,0.151853,30/5/2016,0.0089994,30/5/2016,1.11382,30/5/2016,1.46402
31/5/2016,0.151925,31/5/2016,0.0090307,31/5/2016,1.11319,31/5/2016,1.44825
1/6/2016,0.152089,1/6/2016,0.0091291,1/6/2016,1.11885,1/6/2016,1.4416
2/6/2016,0.151858,2/6/2016,0.0091853,2/6/2016,1.11508,2/6/2016,1.4423
3/6/2016,0.15263,3/6/2016,0.0093867,3/6/2016,1.1367,3/6/2016,1.45176
6/6/2016,0.152486,6/6/2016,0.0092979,6/6/2016,1.13549,6/6/2016,1.44416
7/6/2016,0.152217,7/6/2016,0.0093135,7/6/2016,1.1358,7/6/2016,1.45448
8/6/2016,0.152425,8/6/2016,0.0093468,8/6/2016,1.13951,8/6/2016,1.4504
9/6/2016,0.152354,9/6/2016,0.009337,9/6/2016,1.13161,9/6/2016,1.44585
10/6/2016,0.152161,10/6/2016,0.0093476,10/6/2016,1.12511,10/6/2016,1.4257
13/6/2016,0.151932,13/6/2016,0.0094106,13/6/2016,1.12923,13/6/2016,1.42701
14/6/2016,0.151607,14/6/2016,0.0094243,14/6/2016,1.12071,14/6/2016,1.41145
15/6/2016,0.151994,15/6/2016,0.009433,15/6/2016,1.12595,15/6/2016,1.42045
16/6/2016,0.151792,16/6/2016,0.0095916,16/6/2016,1.1225,16/6/2016,1.42035
17/6/2016,0.151893,17/6/2016,0.009603,17/6/2016,1.1277,17/6/2016,1.43575
20/6/2016,0.151983,20/6/2016,0.0096207,20/6/2016,1.1314,20/6/2016,1.46979
21/6/2016,0.151681,21/6/2016,0.0095459,21/6/2016,1.12421,21/6/2016,1.4652
22/6/2016,0.152156,22/6/2016,0.0095774,22/6/2016,1.12965,22/6/2016,1.47075
23/6/2016,0.151966,23/6/2016,0.0094208,23/6/2016,1.13849,23/6/2016,1.4877
24/6/2016,0.151012,24/6/2016,0.0097867,24/6/2016,1.11173,24/6/2016,1.36791
27/6/2016,0.150267,27/6/2016,0.0098041,27/6/2016,1.10248,27/6/2016,1.32248
28/6/2016,0.150332,28/6/2016,0.0097319,28/6/2016,1.1065,28/6/2016,1.33439
29/6/2016,0.150709,29/6/2016,0.009725,29/6/2016,1.11248,29/6/2016,1.34286
30/6/2016,0.150568,30/6/2016,0.0096915,30/6/2016,1.11064,30/6/2016,1.33114
1/7/2016,0.150231,1/7/2016,0.0097531,1/7/2016,1.11365,1/7/2016,1.32675
4/7/2016,0.149939,4/7/2016,0.0097529,4/7/2016,1.11544,4/7/2016,1.32871
5/7/2016,0.149729,5/7/2016,0.0098296,5/7/2016,1.10761,5/7/2016,1.3022
6/7/2016,0.149421,6/7/2016,0.0098705,6/7/2016,1.11001,6/7/2016,1.29312
7/7/2016,0.149669,7/7/2016,0.0099241,7/7/2016,1.10627,7/7/2016,1.29084
8/7/2016,0.14952,8/7/2016,0.0099453,8/7/2016,1.10505,8/7/2016,1.29545
11/7/2016,0.149337,11/7/2016,0.0097272,11/7/2016,1.1058,11/7/2016,1.29978
12/7/2016,0.149656,12/7/2016,0.0095525,12/7/2016,1.10605,12/7/2016,1.32466
13/7/2016,0.149551,13/7/2016,0.0095713,13/7/2016,1.109,13/7/2016,1.31468
14/7/2016,0.14966,14/7/2016,0.0094923,14/7/2016,1.11197,14/7/2016,1.33427
15/7/2016,0.149423,15/7/2016,0.0095376,15/7/2016,1.10345,15/7/2016,1.31917
18/7/2016,0.149229,18/7/2016,0.0094202,18/7/2016,1.10755,18/7/2016,1.32555
19/7/2016,0.149314,19/7/2016,0.0094232,19/7/2016,1.10212,19/7/2016,1.31106
20/7/2016,0.149744,20/7/2016,0.0093559,20/7/2016,1.10149,20/7/2016,1.32083
21/7/2016,0.149826,21/7/2016,0.0094502,21/7/2016,1.10263,21/7/2016,1.32327
22/7/2016,0.149658,22/7/2016,0.0094239,22/7/2016,1.09773,22/7/2016,1.31094
25/7/2016,0.149808,25/7/2016,0.0094511,25/7/2016,1.0995,25/7/2016,1.31397
26/7/2016,0.149878,26/7/2016,0.0095574,26/7/2016,1.09865,26/7/2016,1.31304
27/7/2016,0.149712,27/7/2016,0.0094883,27/7/2016,1.10585,27/7/2016,1.3223
28/7/2016,0.150258,28/7/2016,0.0094997,28/7/2016,1.10767,28/7/2016,1.31635
29/7/2016,0.150641,29/7/2016,0.0097981,29/7/2016,1.11742,29/7/2016,1.32299
1/8/2016,0.150564,1/8/2016,0.0097664,1/8/2016,1.11625,1/8/2016,1.31789
2/8/2016,0.150962,2/8/2016,0.0099116,2/8/2016,1.12238,2/8/2016,1.33567
3/8/2016,0.150781,3/8/2016,0.0098774,3/8/2016,1.11494,3/8/2016,1.33253
4/8/2016,0.150573,4/8/2016,0.0098799,4/8/2016,1.11295,4/8/2016,1.31072
5/8/2016,0.150295,5/8/2016,0.0098216,5/8/2016,1.10861,5/8/2016,1.30725
8/8/2016,0.150213,8/8/2016,0.0097609,8/8/2016,1.10884,8/8/2016,1.30405
9/8/2016,0.150258,9/8/2016,0.0098147,9/8/2016,1.11168,9/8/2016,1.30025
10/8/2016,0.150677,10/8/2016,0.0098725,10/8/2016,1.11763,10/8/2016,1.301
11/8/2016,0.15082,11/8/2016,0.009808,11/8/2016,1.11372,11/8/2016,1.29564
12/8/2016,0.150584,12/8/2016,0.0098715,12/8/2016,1.11619,12/8/2016,1.29195
15/8/2016,0.150626,15/8/2016,0.0098761,15/8/2016,1.11836,15/8/2016,1.288
16/8/2016,0.150968,16/8/2016,0.0099695,16/8/2016,1.12785,16/8/2016,1.30459
17/8/2016,0.150399,17/8/2016,0.009973,17/8/2016,1.12895,17/8/2016,1.30419
18/8/2016,0.150806,18/8/2016,0.0100119,18/8/2016,1.13536,18/8/2016,1.3168
19/8/2016,0.150397,19/8/2016,0.0099782,19/8/2016,1.1325,19/8/2016,1.30752
22/8/2016,0.150351,22/8/2016,0.0099678,22/8/2016,1.13199,22/8/2016,1.3137
23/8/2016,0.150521,23/8/2016,0.0099793,23/8/2016,1.13053,23/8/2016,1.3198
24/8/2016,0.150154,24/8/2016,0.0099551,24/8/2016,1.12638,24/8/2016,1.32323
25/8/2016,0.150281,25/8/2016,0.0099476,25/8/2016,1.1285,25/8/2016,1.31923
26/8/2016,0.149959,26/8/2016,0.0098206,26/8/2016,1.11975,26/8/2016,1.31375
29/8/2016,0.149721,29/8/2016,0.0098119,29/8/2016,1.1189,29/8/2016,1.3106
30/8/2016,0.1496,30/8/2016,0.0097122,30/8/2016,1.11429,30/8/2016,1.30804
31/8/2016,0.14975,31/8/2016,0.0096688,31/8/2016,1.11582,31/8/2016,1.31384
1/9/2016,0.149943,1/9/2016,0.0096867,1/9/2016,1.11968,1/9/2016,1.32684
2/9/2016,0.149654,2/9/2016,0.009618,2/9/2016,1.1156,2/9/2016,1.3294
5/9/2016,0.149768,5/9/2016,0.009668,5/9/2016,1.11474,5/9/2016,1.33037
6/9/2016,0.149775,6/9/2016,0.0098023,6/9/2016,1.12553,6/9/2016,1.34398
7/9/2016,0.150092,7/9/2016,0.0098285,7/9/2016,1.12393,7/9/2016,1.3341
8/9/2016,0.150043,8/9/2016,0.0097572,8/9/2016,1.12603,8/9/2016,1.32951
9/9/2016,0.149524,9/9/2016,0.0097366,9/9/2016,1.12334,9/9/2016,1.32673
12/9/2016,0.149698,12/9/2016,0.00982,12/9/2016,1.12353,12/9/2016,1.33369
13/9/2016,0.149749,13/9/2016,0.0097507,13/9/2016,1.122,13/9/2016,1.31934
14/9/2016,0.149882,14/9/2016,0.0097631,14/9/2016,1.12499,14/9/2016,1.32354
15/9/2016,0.149844,15/9/2016,0.0097959,15/9/2016,1.12438,15/9/2016,1.32394
16/9/2016,0.149918,16/9/2016,0.0097783,16/9/2016,1.11551,16/9/2016,1.3002
19/9/2016,0.149945,19/9/2016,0.0098118,19/9/2016,1.11749,19/9/2016,1.30302
20/9/2016,0.149927,20/9/2016,0.0098316,20/9/2016,1.11507,20/9/2016,1.29884
21/9/2016,0.150015,21/9/2016,0.0099691,21/9/2016,1.11892,21/9/2016,1.30324
22/9/2016,0.15006,22/9/2016,0.0099247,22/9/2016,1.12081,22/9/2016,1.30784
23/9/2016,0.150026,23/9/2016,0.0098993,23/9/2016,1.12262,23/9/2016,1.29656
26/9/2016,0.150116,26/9/2016,0.0099669,26/9/2016,1.1254,26/9/2016,1.29749
27/9/2016,0.149984,27/9/2016,0.0099577,27/9/2016,1.12149,27/9/2016,1.30228
28/9/2016,0.149907,28/9/2016,0.0099314,28/9/2016,1.12173,28/9/2016,1.30186
29/9/2016,0.149936,29/9/2016,0.0098972,29/9/2016,1.12224,29/9/2016,1.2968
30/9/2016,0.150065,30/9/2016,0.009868,30/9/2016,1.12348,30/9/2016,1.29722
3/10/2016,0.149948,3/10/2016,0.0098379,3/10/2016,1.12114,3/10/2016,1.28424
4/10/2016,0.149589,4/10/2016,0.0097176,4/10/2016,1.12041,4/10/2016,1.27277
5/10/2016,0.149434,5/10/2016,0.0096616,5/10/2016,1.12051,5/10/2016,1.27487
6/10/2016,0.149211,6/10/2016,0.0096197,6/10/2016,1.11511,6/10/2016,1.26156
7/10/2016,0.149336,7/10/2016,0.0097154,7/10/2016,1.12012,7/10/2016,1.24339
10/10/2016,0.149078,10/10/2016,0.0096515,10/10/2016,1.11386,10/10/2016,1.2362
11/10/2016,0.148597,11/10/2016,0.0096612,11/10/2016,1.10539,11/10/2016,1.21226
12/10/2016,0.148699,12/10/2016,0.0095967,12/10/2016,1.10066,12/10/2016,1.22044
13/10/2016,0.148633,13/10/2016,0.009643,13/10/2016,1.10558,13/10/2016,1.22543
14/10/2016,0.148544,14/10/2016,0.0095988,14/10/2016,1.09723,14/10/2016,1.21911
17/10/2016,0.148443,17/10/2016,0.0096263,17/10/2016,1.09997,17/10/2016,1.21829
18/10/2016,0.148549,18/10/2016,0.0096278,18/10/2016,1.09807,18/10/2016,1.22976
19/10/2016,0.14867,19/10/2016,0.0096672,19/10/2016,1.09738,19/10/2016,1.22851
20/10/2016,0.148383,20/10/2016,0.0096198,20/10/2016,1.09295,20/10/2016,1.22539
21/10/2016,0.147922,21/10/2016,0.009632,21/10/2016,1.08844,21/10/2016,1.22342
24/10/2016,0.147667,24/10/2016,0.0095982,24/10/2016,1.08818,24/10/2016,1.22383
25/10/2016,0.147835,25/10/2016,0.009595,25/10/2016,1.08887,25/10/2016,1.21878
26/10/2016,0.147713,26/10/2016,0.0095718,26/10/2016,1.09084,26/10/2016,1.22471
27/10/2016,0.147403,27/10/2016,0.0094978,27/10/2016,1.08967,27/10/2016,1.21638
28/10/2016,0.147625,28/10/2016,0.0095488,28/10/2016,1.09847,28/10/2016,1.21849
31/10/2016,0.147793,31/10/2016,0.00954,31/10/2016,1.09809,31/10/2016,1.22422
1/11/2016,0.147938,1/11/2016,0.0096014,1/11/2016,1.10553,1/11/2016,1.22426
2/11/2016,0.148146,2/11/2016,0.0096796,2/11/2016,1.10978,2/11/2016,1.23036
3/11/2016,0.148067,3/11/2016,0.0097105,3/11/2016,1.11053,3/11/2016,1.24612
4/11/2016,0.147933,4/11/2016,0.0096978,4/11/2016,1.11406,4/11/2016,1.25175
7/11/2016,0.147349,7/11/2016,0.0095726,7/11/2016,1.10406,7/11/2016,1.23959
8/11/2016,0.14741,8/11/2016,0.009508,8/11/2016,1.10261,8/11/2016,1.23791
9/11/2016,0.146908,9/11/2016,0.0094635,9/11/2016,1.09097,9/11/2016,1.24064
10/11/2016,0.146946,10/11/2016,0.009361,10/11/2016,1.08927,10/11/2016,1.25545
11/11/2016,0.146869,11/11/2016,0.0093748,11/11/2016,1.08551,11/11/2016,1.25955
14/11/2016,0.146056,14/11/2016,0.0092233,14/11/2016,1.07372,14/11/2016,1.24902
15/11/2016,0.145802,15/11/2016,0.0091584,15/11/2016,1.07224,15/11/2016,1.24567
16/11/2016,0.145516,16/11/2016,0.0091681,16/11/2016,1.06912,16/11/2016,1.24426
17/11/2016,0.145115,17/11/2016,0.0090802,17/11/2016,1.06259,17/11/2016,1.2417
18/11/2016,0.145176,18/11/2016,0.0090172,18/11/2016,1.05885,18/11/2016,1.23417
21/11/2016,0.145121,21/11/2016,0.009024,21/11/2016,1.06297,21/11/2016,1.24942
22/11/2016,0.145174,22/11/2016,0.0089973,22/11/2016,1.06275,22/11/2016,1.24232
23/11/2016,0.144622,23/11/2016,0.0088883,23/11/2016,1.05534,23/11/2016,1.24425
24/11/2016,0.144478,24/11/2016,0.0088222,24/11/2016,1.05538,24/11/2016,1.2451
25/11/2016,0.144707,25/11/2016,0.0088315,25/11/2016,1.05891,25/11/2016,1.24774
28/11/2016,0.144907,28/11/2016,0.0089344,28/11/2016,1.06137,28/11/2016,1.24163
29/11/2016,0.145254,29/11/2016,0.0088982,29/11/2016,1.06497,29/11/2016,1.24926
30/11/2016,0.144984,30/11/2016,0.0087364,30/11/2016,1.05886,30/11/2016,1.25064
1/12/2016,0.145444,1/12/2016,0.0087643,1/12/2016,1.06611,1/12/2016,1.25914
2/12/2016,0.145565,2/12/2016,0.00881,2/12/2016,1.06645,2/12/2016,1.2729
5/12/2016,0.145779,5/12/2016,0.0087832,5/12/2016,1.07639,5/12/2016,1.27324
6/12/2016,0.145416,6/12/2016,0.008771,6/12/2016,1.07184,6/12/2016,1.26776
7/12/2016,0.14534,7/12/2016,0.0087908,7/12/2016,1.07532,7/12/2016,1.26256
8/12/2016,0.144844,8/12/2016,0.0087697,8/12/2016,1.06148,8/12/2016,1.25862
9/12/2016,0.144736,9/12/2016,0.008673,9/12/2016,1.05606,9/12/2016,1.25722
12/12/2016,0.144953,12/12/2016,0.0086937,12/12/2016,1.06352,12/12/2016,1.26791
13/12/2016,0.145049,13/12/2016,0.0086818,13/12/2016,1.06257,13/12/2016,1.26577
14/12/2016,0.144699,14/12/2016,0.0085438,14/12/2016,1.05355,14/12/2016,1.25637
15/12/2016,0.144219,15/12/2016,0.0084618,15/12/2016,1.0414,15/12/2016,1.24185
16/12/2016,0.14347,16/12/2016,0.0084798,16/12/2016,1.04513,16/12/2016,1.24961
19/12/2016,0.144412,19/12/2016,0.0085406,19/12/2016,1.04022,19/12/2016,1.23951
20/12/2016,0.143998,20/12/2016,0.0084847,20/12/2016,1.03881,20/12/2016,1.23682
21/12/2016,0.144089,21/12/2016,0.0085067,21/12/2016,1.04241,21/12/2016,1.2353
22/12/2016,0.143865,22/12/2016,0.0085075,22/12/2016,1.04365,22/12/2016,1.2283
23/12/2016,0.143881,23/12/2016,0.0085237,23/12/2016,1.04563,23/12/2016,1.22825
26/12/2016,0.143908,26/12/2016,0.0085398,26/12/2016,1.04553,26/12/2016,1.22823
27/12/2016,0.143746,27/12/2016,0.0085163,27/12/2016,1.04572,27/12/2016,1.2271
28/12/2016,0.143354,28/12/2016,0.0085282,28/12/2016,1.04135,28/12/2016,1.22263
29/12/2016,0.143929,29/12/2016,0.0085806,29/12/2016,1.04899,29/12/2016,1.22609
30/12/2016,0.143881,30/12/2016,0.0085471,30/12/2016,1.05166,30/12/2016,1.23403
2/1/2017,0.143763,2/1/2017,0.0085065,2/1/2017,1.04546,2/1/2017,1.22782
3/1/2017,0.143854,3/1/2017,0.0084926,3/1/2017,1.04055,3/1/2017,1.22375
4/1/2017,0.145036,4/1/2017,0.0085289,4/1/2017,1.0489,4/1/2017,1.23226
5/1/2017,0.145475,5/1/2017,0.0086686,5/1/2017,1.0607,5/1/2017,1.24189
6/1/2017,0.144241,6/1/2017,0.0085472,6/1/2017,1.05323,6/1/2017,1.22872
9/1/2017,0.144164,9/1/2017,0.0086172,9/1/2017,1.0574,9/1/2017,1.21626
10/1/2017,0.144349,10/1/2017,0.0086371,10/1/2017,1.05544,10/1/2017,1.21766
11/1/2017,0.144709,11/1/2017,0.008665,11/1/2017,1.05825,11/1/2017,1.22129
12/1/2017,0.145147,12/1/2017,0.0087174,12/1/2017,1.06125,12/1/2017,1.21624
13/1/2017,0.145059,13/1/2017,0.0087333,13/1/2017,1.06432,13/1/2017,1.2182
16/1/2017,0.145057,16/1/2017,0.0087567,16/1/2017,1.06006,16/1/2017,1.20471
17/1/2017,0.146127,17/1/2017,0.0088802,17/1/2017,1.07131,17/1/2017,1.24142
18/1/2017,0.14546,18/1/2017,0.0087241,18/1/2017,1.06296,18/1/2017,1.22609
19/1/2017,0.145301,19/1/2017,0.0087064,19/1/2017,1.06643,19/1/2017,1.23416
20/1/2017,0.145515,20/1/2017,0.0087244,20/1/2017,1.07025,20/1/2017,1.23749
23/1/2017,0.146354,23/1/2017,0.008873,23/1/2017,1.07649,23/1/2017,1.25352
24/1/2017,0.145991,24/1/2017,0.0087882,24/1/2017,1.07314,24/1/2017,1.25205
25/1/2017,0.145691,25/1/2017,0.0088279,25/1/2017,1.07478,25/1/2017,1.26336
26/1/2017,0.145432,26/1/2017,0.0087313,26/1/2017,1.06825,26/1/2017,1.25969
27/1/2017,0.145,27/1/2017,0.008688,27/1/2017,1.06994,27/1/2017,1.2555
30/1/2017,0.145059,30/1/2017,0.0087885,30/1/2017,1.06949,30/1/2017,1.24856
31/1/2017,0.145648,31/1/2017,0.008865,31/1/2017,1.07979,31/1/2017,1.25795
1/2/2017,0.145613,1/2/2017,0.0088302,1/2/2017,1.0769,1/2/2017,1.26586
2/2/2017,0.146296,2/2/2017,0.0088649,2/2/2017,1.07586,2/2/2017,1.25275
3/2/2017,0.146249,3/2/2017,0.0088812,3/2/2017,1.07825,3/2/2017,1.24845
6/2/2017,0.146016,6/2/2017,0.0089493,6/2/2017,1.07502,6/2/2017,1.24685
7/2/2017,0.145282,7/2/2017,0.0088972,7/2/2017,1.06832,7/2/2017,1.25093
8/2/2017,0.145401,8/2/2017,0.0089336,8/2/2017,1.06985,8/2/2017,1.25409
9/2/2017,0.14528,9/2/2017,0.008831,9/2/2017,1.06551,9/2/2017,1.24966
10/2/2017,0.145358,10/2/2017,0.0088329,10/2/2017,1.0643,10/2/2017,1.24914
13/2/2017,0.145289,13/2/2017,0.0087919,13/2/2017,1.0598,13/2/2017,1.2526
14/2/2017,0.145682,14/2/2017,0.0087518,14/2/2017,1.05777,14/2/2017,1.24682
15/2/2017,0.145923,15/2/2017,0.0087599,15/2/2017,1.06007,15/2/2017,1.2461
16/2/2017,0.145747,16/2/2017,0.0088309,16/2/2017,1.06737,16/2/2017,1.2489
17/2/2017,0.145548,17/2/2017,0.0088623,17/2/2017,1.06158,17/2/2017,1.24118
20/2/2017,0.145594,20/2/2017,0.0088417,20/2/2017,1.06135,20/2/2017,1.24634
21/2/2017,0.145271,21/2/2017,0.0087963,21/2/2017,1.05365,21/2/2017,1.24735
22/2/2017,0.145467,22/2/2017,0.0088258,22/2/2017,1.05581,22/2/2017,1.24505
23/2/2017,0.145602,23/2/2017,0.00888,23/2/2017,1.05819,23/2/2017,1.25556
24/2/2017,0.145641,24/2/2017,0.0089168,24/2/2017,1.05627,24/2/2017,1.24618
27/2/2017,0.145592,27/2/2017,0.0088737,27/2/2017,1.05872,27/2/2017,1.2442
28/2/2017,0.145658,28/2/2017,0.0088676,28/2/2017,1.05764,28/2/2017,1.238
1/3/2017,0.145461,1/3/2017,0.0087928,1/3/2017,1.05468,1/3/2017,1.22927
2/3/2017,0.145161,2/3/2017,0.0087404,2/3/2017,1.05069,2/3/2017,1.22671
3/3/2017,0.144951,3/3/2017,0.0087702,3/3/2017,1.0622,3/3/2017,1.22911
6/3/2017,0.145075,6/3/2017,0.0087803,6/3/2017,1.0582,6/3/2017,1.22365
7/3/2017,0.145026,7/3/2017,0.0087731,7/3/2017,1.05663,7/3/2017,1.21996
8/3/2017,0.144665,8/3/2017,0.0087434,8/3/2017,1.05408,8/3/2017,1.21681
9/3/2017,0.144624,9/3/2017,0.008699,9/3/2017,1.05767,9/3/2017,1.21652
10/3/2017,0.145001,10/3/2017,0.0087111,10/3/2017,1.06735,10/3/2017,1.21667
13/3/2017,0.144735,13/3/2017,0.0087046,13/3/2017,1.06534,13/3/2017,1.22187
14/3/2017,0.144735,14/3/2017,0.0087151,14/3/2017,1.06041,14/3/2017,1.21532
15/3/2017,0.145751,15/3/2017,0.0088194,15/3/2017,1.07344,15/3/2017,1.22913
16/3/2017,0.145256,16/3/2017,0.0088256,16/3/2017,1.07657,16/3/2017,1.23601
17/3/2017,0.144932,17/3/2017,0.0088734,17/3/2017,1.07379,17/3/2017,1.2396
20/3/2017,0.144967,20/3/2017,0.008885,20/3/2017,1.07394,20/3/2017,1.23579
21/3/2017,0.14518,21/3/2017,0.0089513,21/3/2017,1.08106,21/3/2017,1.24784
22/3/2017,0.145425,22/3/2017,0.0089957,22/3/2017,1.07971,22/3/2017,1.24845
23/3/2017,0.145195,23/3/2017,0.0090149,23/3/2017,1.07833,23/3/2017,1.25211
24/3/2017,0.145226,24/3/2017,0.008982,24/3/2017,1.07985,24/3/2017,1.2473
27/3/2017,0.145639,27/3/2017,0.0090364,27/3/2017,1.08643,27/3/2017,1.25587
28/3/2017,0.145144,28/3/2017,0.0089983,28/3/2017,1.08136,28/3/2017,1.24502
29/3/2017,0.145163,29/3/2017,0.0090058,29/3/2017,1.07659,29/3/2017,1.24336
30/3/2017,0.145045,30/3/2017,0.0089346,30/3/2017,1.06745,30/3/2017,1.24685
31/3/2017,0.145391,31/3/2017,0.008977,31/3/2017,1.06522,31/3/2017,1.25497
3/4/2017,0.145343,3/4/2017,0.0090174,3/4/2017,1.06696,3/4/2017,1.24858
4/4/2017,0.1451,4/4/2017,0.0090306,4/4/2017,1.06736,4/4/2017,1.24398
5/4/2017,0.145159,5/4/2017,0.0090332,5/4/2017,1.06633,5/4/2017,1.24831
6/4/2017,0.145005,6/4/2017,0.0090246,6/4/2017,1.06445,6/4/2017,1.24695
7/4/2017,0.144821,7/4/2017,0.0090039,7/4/2017,1.0591,7/4/2017,1.23709
10/4/2017,0.14481,10/4/2017,0.0090141,10/4/2017,1.05959,10/4/2017,1.24145
11/4/2017,0.144991,11/4/2017,0.009123,11/4/2017,1.06046,11/4/2017,1.24911
12/4/2017,0.145368,12/4/2017,0.0091724,12/4/2017,1.06648,12/4/2017,1.25398
13/4/2017,0.145286,13/4/2017,0.0091662,13/4/2017,1.06134,13/4/2017,1.25031
14/4/2017,0.145364,14/4/2017,0.009207,14/4/2017,1.06178,14/4/2017,1.25235
17/4/2017,0.1454,17/4/2017,0.009182,17/4/2017,1.06432,17/4/2017,1.25645
18/4/2017,0.145474,18/4/2017,0.0092227,18/4/2017,1.07304,18/4/2017,1.28411
19/4/2017,0.145374,19/4/2017,0.0091863,19/4/2017,1.07113,19/4/2017,1.27773
20/4/2017,0.145412,20/4/2017,0.0091473,20/4/2017,1.07172,20/4/2017,1.28132
21/4/2017,0.145117,21/4/2017,0.0091643,21/4/2017,1.07283,21/4/2017,1.28169
24/4/2017,0.145332,24/4/2017,0.0091109,24/4/2017,1.08678,24/4/2017,1.2796
25/4/2017,0.145222,25/4/2017,0.009002,25/4/2017,1.09256,25/4/2017,1.28421
26/4/2017,0.145243,26/4/2017,0.0090045,26/4/2017,1.09038,26/4/2017,1.28482
27/4/2017,0.145089,27/4/2017,0.0089878,27/4/2017,1.08728,27/4/2017,1.29044
28/4/2017,0.145186,28/4/2017,0.0089659,28/4/2017,1.08949,28/4/2017,1.29513
1/5/2017,0.144982,1/5/2017,0.0089412,1/5/2017,1.0899,1/5/2017,1.2886
2/5/2017,0.145176,2/5/2017,0.008929,2/5/2017,1.093,2/5/2017,1.29387
3/5/2017,0.1451,3/5/2017,0.0088688,3/5/2017,1.08859,3/5/2017,1.2867
4/5/2017,0.145085,4/5/2017,0.0088919,4/5/2017,1.09845,4/5/2017,1.29233
5/5/2017,0.145098,5/5/2017,0.0088717,5/5/2017,1.09981,5/5/2017,1.29815
8/5/2017,0.144924,8/5/2017,0.0088299,8/5/2017,1.09238,8/5/2017,1.29399
9/5/2017,0.14481,9/5/2017,0.0087732,9/5/2017,1.08743,9/5/2017,1.29337
10/5/2017,0.144873,10/5/2017,0.0087501,10/5/2017,1.08676,10/5/2017,1.29375
11/5/2017,0.145006,11/5/2017,0.0087826,11/5/2017,1.08611,11/5/2017,1.28859
12/5/2017,0.145142,12/5/2017,0.0088225,12/5/2017,1.09313,12/5/2017,1.28904
15/5/2017,0.145315,15/5/2017,0.0087879,15/5/2017,1.09753,15/5/2017,1.28965
16/5/2017,0.145535,16/5/2017,0.0088401,16/5/2017,1.10828,16/5/2017,1.29168
17/5/2017,0.145599,17/5/2017,0.009024,17/5/2017,1.11591,17/5/2017,1.29704
18/5/2017,0.145548,18/5/2017,0.0089698,18/5/2017,1.11026,18/5/2017,1.29384
19/5/2017,0.145666,19/5/2017,0.0089885,19/5/2017,1.12056,19/5/2017,1.30357
22/5/2017,0.145656,22/5/2017,0.0089849,22/5/2017,1.12374,22/5/2017,1.29998
23/5/2017,0.145573,23/5/2017,0.0089455,23/5/2017,1.1183,23/5/2017,1.29611
24/5/2017,0.145575,24/5/2017,0.0089691,24/5/2017,1.12187,24/5/2017,1.2972
25/5/2017,0.145788,25/5/2017,0.0089415,25/5/2017,1.12104,25/5/2017,1.29423
26/5/2017,0.145836,26/5/2017,0.0089823,26/5/2017,1.11827,26/5/2017,1.28035
29/5/2017,0.1459,29/5/2017,0.0089877,29/5/2017,1.11645,29/5/2017,1.28403
30/5/2017,0.146022,30/5/2017,0.0090217,30/5/2017,1.11858,30/5/2017,1.28588
31/5/2017,0.146634,31/5/2017,0.0090276,31/5/2017,1.12437,31/5/2017,1.28904
1/6/2017,0.146953,1/6/2017,0.0089795,1/6/2017,1.12126,1/6/2017,1.28817
2/6/2017,0.147078,2/6/2017,0.0090567,2/6/2017,1.1279,2/6/2017,1.28878
5/6/2017,0.147037,5/6/2017,0.0090521,5/6/2017,1.12543,5/6/2017,1.29044
6/6/2017,0.14746,6/6/2017,0.0091398,6/6/2017,1.12772,6/6/2017,1.29115
7/6/2017,0.147414,7/6/2017,0.0091055,7/6/2017,1.12567,7/6/2017,1.29596
8/6/2017,0.14718,8/6/2017,0.0090888,8/6/2017,1.12144,8/6/2017,1.29564
9/6/2017,0.147228,9/6/2017,0.0090639,9/6/2017,1.11954,9/6/2017,1.27462
12/6/2017,0.147126,12/6/2017,0.0090954,12/6/2017,1.12029,12/6/2017,1.2659
13/6/2017,0.147239,13/6/2017,0.0090857,13/6/2017,1.12107,13/6/2017,1.2754
14/6/2017,0.147356,14/6/2017,0.009126,14/6/2017,1.12177,14/6/2017,1.27513
15/6/2017,0.147016,15/6/2017,0.0090147,15/6/2017,1.11453,15/6/2017,1.27576
16/6/2017,0.147096,16/6/2017,0.0090189,16/6/2017,1.11975,16/6/2017,1.27826
19/6/2017,0.146934,19/6/2017,0.0089667,19/6/2017,1.11486,19/6/2017,1.27373
20/6/2017,0.146839,20/6/2017,0.0089719,20/6/2017,1.11343,20/6/2017,1.26295
21/6/2017,0.146699,21/6/2017,0.008978,21/6/2017,1.11684,21/6/2017,1.26711
22/6/2017,0.146548,22/6/2017,0.0089824,22/6/2017,1.11521,22/6/2017,1.26822
23/6/2017,0.14666,23/6/2017,0.0089864,23/6/2017,1.11936,23/6/2017,1.2718
26/6/2017,0.146531,26/6/2017,0.0089391,26/6/2017,1.1182,26/6/2017,1.27234
27/6/2017,0.146817,27/6/2017,0.0089006,27/6/2017,1.13394,27/6/2017,1.28143
28/6/2017,0.147024,28/6/2017,0.0089042,28/6/2017,1.13776,28/6/2017,1.29264
29/6/2017,0.147445,29/6/2017,0.008915,29/6/2017,1.14406,29/6/2017,1.30072
30/6/2017,0.147504,30/6/2017,0.0089006,30/6/2017,1.14265,30/6/2017,1.30249
3/7/2017,0.147362,3/7/2017,0.0088203,3/7/2017,1.13644,3/7/2017,1.29401
4/7/2017,0.147061,4/7/2017,0.0088276,4/7/2017,1.13458,4/7/2017,1.29198
5/7/2017,0.147286,5/7/2017,0.008829,5/7/2017,1.13519,5/7/2017,1.29343
6/7/2017,0.147293,6/7/2017,0.0088325,6/7/2017,1.14227,6/7/2017,1.29709
7/7/2017,0.147061,7/7/2017,0.0087794,7/7/2017,1.14008,7/7/2017,1.28897
10/7/2017,0.147165,10/7/2017,0.0087687,10/7/2017,1.13994,10/7/2017,1.28814
11/7/2017,0.147267,11/7/2017,0.0087767,11/7/2017,1.14672,11/7/2017,1.28476
12/7/2017,0.147438,12/7/2017,0.0088364,12/7/2017,1.14117,12/7/2017,1.28847
13/7/2017,0.147462,13/7/2017,0.0088274,13/7/2017,1.1398,13/7/2017,1.2939
14/7/2017,0.147938,14/7/2017,0.0088861,14/7/2017,1.14695,14/7/2017,1.30985
17/7/2017,0.148043,17/7/2017,0.0088789,17/7/2017,1.14783,17/7/2017,1.30549
18/7/2017,0.148256,18/7/2017,0.0089236,18/7/2017,1.15539,18/7/2017,1.30405
19/7/2017,0.148137,19/7/2017,0.0089323,19/7/2017,1.1515,19/7/2017,1.30222
20/7/2017,0.148221,20/7/2017,0.0089359,20/7/2017,1.16308,20/7/2017,1.29727
21/7/2017,0.148243,21/7/2017,0.0089981,21/7/2017,1.16625,21/7/2017,1.29967
24/7/2017,0.148408,24/7/2017,0.0090009,24/7/2017,1.16424,24/7/2017,1.30285
25/7/2017,0.148122,25/7/2017,0.0089375,25/7/2017,1.16472,25/7/2017,1.3025
26/7/2017,0.148359,26/7/2017,0.0089947,26/7/2017,1.17342,26/7/2017,1.31215
27/7/2017,0.148421,27/7/2017,0.0089882,27/7/2017,1.16767,27/7/2017,1.30658
28/7/2017,0.148516,28/7/2017,0.0090352,28/7/2017,1.1751,28/7/2017,1.31356
31/7/2017,0.148774,31/7/2017,0.0090699,31/7/2017,1.18419,31/7/2017,1.3215
1/8/2017,0.148781,1/8/2017,0.0090599,1/8/2017,1.18018,1/8/2017,1.32035
2/8/2017,0.148852,2/8/2017,0.0090305,2/8/2017,1.18559,2/8/2017,1.32232
3/8/2017,0.148792,3/8/2017,0.0090869,3/8/2017,1.18698,3/8/2017,1.31384
4/8/2017,0.148856,4/8/2017,0.0090342,4/8/2017,1.17727,4/8/2017,1.30396
7/8/2017,0.148869,7/8/2017,0.0090295,7/8/2017,1.17954,7/8/2017,1.30346
8/8/2017,0.149189,8/8/2017,0.0090641,8/8/2017,1.17523,8/8/2017,1.29922
9/8/2017,0.149694,9/8/2017,0.0090855,9/8/2017,1.17591,9/8/2017,1.30041
10/8/2017,0.150319,10/8/2017,0.0091573,10/8/2017,1.17721,10/8/2017,1.29765
11/8/2017,0.150143,11/8/2017,0.0091579,11/8/2017,1.18213,11/8/2017,1.30136
14/8/2017,0.149912,14/8/2017,0.0091207,14/8/2017,1.17799,14/8/2017,1.29644
15/8/2017,0.14975,15/8/2017,0.0090355,15/8/2017,1.1735,15/8/2017,1.28695
16/8/2017,0.149784,16/8/2017,0.009075,16/8/2017,1.17673,16/8/2017,1.28914
17/8/2017,0.149862,17/8/2017,0.0091265,17/8/2017,1.17231,17/8/2017,1.28685
18/8/2017,0.150013,18/8/2017,0.0091566,18/8/2017,1.17606,18/8/2017,1.287
21/8/2017,0.150177,21/8/2017,0.0091761,21/8/2017,1.18148,21/8/2017,1.29
22/8/2017,0.150058,22/8/2017,0.0091269,22/8/2017,1.1762,22/8/2017,1.28236
23/8/2017,0.150069,23/8/2017,0.0091714,23/8/2017,1.1807,23/8/2017,1.27999
24/8/2017,0.150238,24/8/2017,0.0091275,24/8/2017,1.17992,24/8/2017,1.28008
25/8/2017,0.150453,25/8/2017,0.0091444,25/8/2017,1.19242,25/8/2017,1.28823
28/8/2017,0.151101,28/8/2017,0.0091525,28/8/2017,1.19788,28/8/2017,1.29326
29/8/2017,0.151275,29/8/2017,0.0091116,29/8/2017,1.19724,29/8/2017,1.29184
30/8/2017,0.151497,30/8/2017,0.009071,30/8/2017,1.18839,30/8/2017,1.29251
31/8/2017,0.1516,31/8/2017,0.0090929,31/8/2017,1.19096,31/8/2017,1.29302
1/9/2017,0.152454,1/9/2017,0.0090703,1/9/2017,1.18599,1/9/2017,1.29505
4/9/2017,0.153149,4/9/2017,0.0091158,4/9/2017,1.1896,4/9/2017,1.29308
5/9/2017,0.152982,5/9/2017,0.0091903,5/9/2017,1.1914,5/9/2017,1.30328
6/9/2017,0.153109,6/9/2017,0.0091557,6/9/2017,1.19168,6/9/2017,1.30427
7/9/2017,0.154147,7/9/2017,0.0092206,7/9/2017,1.2023,7/9/2017,1.31014
8/9/2017,0.153941,8/9/2017,0.0092726,8/9/2017,1.20357,8/9/2017,1.32004
11/9/2017,0.153123,11/9/2017,0.0091412,11/9/2017,1.19527,11/9/2017,1.31633
12/9/2017,0.153156,12/9/2017,0.0090773,12/9/2017,1.19665,12/9/2017,1.32833
13/9/2017,0.152772,13/9/2017,0.0090508,13/9/2017,1.18854,13/9/2017,1.32107
14/9/2017,0.152842,14/9/2017,0.0090714,14/9/2017,1.19186,14/9/2017,1.33986
15/9/2017,0.152847,15/9/2017,0.0090226,15/9/2017,1.19452,15/9/2017,1.35945
18/9/2017,0.152316,18/9/2017,0.0089632,18/9/2017,1.1954,18/9/2017,1.34952
19/9/2017,0.152267,19/9/2017,0.0089608,19/9/2017,1.19943,19/9/2017,1.3503
20/9/2017,0.152022,20/9/2017,0.0089129,20/9/2017,1.18925,20/9/2017,1.34945
21/9/2017,0.152367,21/9/2017,0.008891,21/9/2017,1.19414,21/9/2017,1.35805
22/9/2017,0.15186,22/9/2017,0.0089292,22/9/2017,1.19508,22/9/2017,1.35036
25/9/2017,0.151229,25/9/2017,0.0089505,25/9/2017,1.18484,25/9/2017,1.34665
26/9/2017,0.150873,26/9/2017,0.0089095,26/9/2017,1.17932,26/9/2017,1.34582
27/9/2017,0.150625,27/9/2017,0.0088608,27/9/2017,1.17516,27/9/2017,1.34229
